
*** src/adapters/supervisor/manager.rs:815:19: replace != with == in proc_empty

*** mutation diff:
--- src/adapters/supervisor/manager.rs
+++ replace != with == in proc_empty
@@ -807,17 +807,17 @@
         let Some(groups) = read("cgroup")? else {
             continue;
         };
         let Some(after) = read("stat")? else {
             continue;
         };
         let before = start_time(&before).ok_or(ExecutionError::CleanupUncertain)?;
         let after = start_time(&after).ok_or(ExecutionError::CleanupUncertain)?;
-        if before != after {
+        if before == /* ~ changed by cargo-mutants ~ */ after {
             return Err(ExecutionError::CleanupUncertain);
         }
         if groups
             .lines()
             .filter_map(|line| line.strip_prefix("0::"))
             .any(|path| belongs(path, cgroup))
         {
             return Ok(false);


*** /home/sixtocantolla/.rustup/toolchains/stable-x86_64-unknown-linux-gnu/bin/cargo test --no-run --verbose --package=vaultwarden-cli@0.5.4 --offline --locked
       Fresh unicode-ident v1.0.24
       Fresh cfg-if v1.0.4
       Fresh typenum v1.20.1
       Fresh find-msvc-tools v0.1.11
       Fresh shlex v2.0.1
       Fresh proc-macro2 v1.0.107
       Fresh cc v1.4.4
       Fresh pin-project-lite v0.2.17
       Fresh futures-core v0.3.34
       Fresh version_check v0.9.5
       Fresh rand_core v0.10.1
       Fresh quote v1.0.47
       Fresh libc v0.2.189
       Fresh autocfg v1.5.1
       Fresh bytes v1.12.1
       Fresh stable_deref_trait v1.2.1
       Fresh hybrid-array v0.4.14
       Fresh itoa v1.0.18
       Fresh syn v2.0.119
       Fresh syn v3.0.4
       Fresh getrandom v0.4.3
       Fresh errno v0.3.14
       Fresh socket2 v0.6.5
       Fresh mio v1.2.2
       Fresh once_cell v1.21.4
       Fresh zeroize_derive v1.5.0
       Fresh synstructure v0.13.2
       Fresh generic-array v0.14.7
       Fresh tokio-macros v2.7.2
       Fresh zerovec-derive v0.11.6
       Fresh signal-hook-registry v1.4.8
       Fresh futures-sink v0.3.34
       Fresh displaydoc v0.2.7
       Fresh zeroize v1.9.0
       Fresh zerofrom-derive v0.1.7
       Fresh yoke-derive v0.8.2
       Fresh num-traits v0.2.19
       Fresh tokio v1.53.1
       Fresh subtle v2.6.1
       Fresh const-oid v0.10.2
       Fresh slab v0.4.12
       Fresh futures-channel v0.3.34
       Fresh zerofrom v0.1.8
       Fresh crypto-common v0.1.7
       Fresh crypto-common v0.2.2
       Fresh hashbrown v0.17.1
       Fresh equivalent v1.0.2
       Fresh cmov v0.5.4
       Fresh regex-syntax v0.8.11
       Fresh futures-macro v0.3.34
       Fresh yoke v0.8.3
       Fresh indexmap v2.14.0
       Fresh ctutils v0.4.2
       Fresh smallvec v1.15.2
       Fresh litemap v0.8.3
       Fresh writeable v0.6.4
       Fresh futures-io v0.3.34
       Fresh futures-task v0.3.34
       Fresh zerovec v0.11.8
       Fresh zerotrie v0.2.5
       Fresh futures-util v0.3.34
       Fresh serde_core v1.0.229
       Fresh http v1.5.0
       Fresh utf8_iter v1.0.4
       Fresh tinystr v0.8.4
       Fresh potential_utf v0.1.6
       Fresh semver v1.0.28
       Fresh block-buffer v0.10.4
       Fresh serde_derive v1.0.229
       Fresh icu_locale_core v2.3.0
       Fresh rustc_version v0.4.1
       Fresh icu_collections v2.3.0
       Fresh block-buffer v0.12.1
       Fresh percent-encoding v2.3.2
       Fresh icu_properties_data v2.3.0
       Fresh icu_normalizer_data v2.3.0
       Fresh icu_provider v2.3.1
       Fresh digest v0.11.3
       Fresh serde v1.0.229
       Fresh digest v0.10.7
       Fresh http-body v1.1.0
       Fresh rustls-pki-types v1.15.1
       Fresh tracing-core v0.1.36
       Fresh getrandom v0.2.17
       Fresh cpufeatures v0.3.0
       Fresh untrusted v0.9.0
       Fresh icu_properties v2.3.0
       Fresh zmij v1.0.23
       Fresh icu_normalizer v2.3.0
       Fresh tracing v0.1.44
       Fresh ring v0.17.14
       Fresh num-integer v0.1.47
       Fresh tokio-util v0.7.19
       Fresh block-padding v0.3.3
       Fresh atomic-waker v1.1.2
       Fresh pkg-config v0.3.34
       Fresh tower-service v0.3.3
       Fresh anstyle v1.0.14
       Fresh cpufeatures v0.2.17
       Fresh try-lock v0.2.5
       Fresh fnv v1.0.7
       Fresh base64ct v1.8.3
       Fresh inout v0.1.4
       Fresh h2 v0.4.19
       Fresh pem-rfc7468 v1.0.0
       Fresh want v0.3.1
       Fresh httparse v1.10.1
       Fresh rustls-webpki v0.103.15
       Fresh serde_json v1.0.151
       Fresh idna_adapter v1.2.2
       Fresh form_urlencoded v1.2.2
       Fresh bitflags v2.13.1
       Fresh log v0.4.34
       Fresh httpdate v1.0.3
       Fresh utf8parse v0.2.2
       Fresh idna v1.1.0
       Fresh rustls v0.23.45
       Fresh der v0.8.1
       Fresh cipher v0.4.4
       Fresh hyper v1.11.0
       Fresh anstyle-parse v1.0.0
       Fresh num-bigint v0.4.8
       Fresh block-padding v0.4.2
       Fresh base64 v0.22.1
       Fresh anstyle-query v1.1.5
       Fresh cpubits v0.1.1
       Fresh is_terminal_polyfill v1.70.2
       Fresh ipnet v2.12.1
       Fresh colorchoice v1.0.5
       Fresh num-rational v0.4.2
       Fresh inout v0.2.2
       Fresh url v2.5.8
       Fresh libdbus-sys v0.2.7
       Fresh spki v0.8.0
       Fresh sha2 v0.10.9
       Fresh anstream v1.0.0
       Fresh hyper-util v0.1.20
       Fresh num-iter v0.1.46
       Fresh hmac v0.12.1
       Fresh num-complex v0.4.6
       Fresh sync_wrapper v1.0.2
       Fresh tower-layer v0.3.3
       Fresh linux-raw-sys v0.12.1
       Fresh strsim v0.11.1
       Fresh heck v0.5.0
       Fresh clap_lex v1.1.0
       Fresh fastrand v2.5.0
       Fresh openssl-probe v0.2.1
       Fresh tower v0.5.3
       Fresh hkdf v0.12.4
       Fresh clap_builder v4.6.6
       Fresh clap_derive v4.6.4
       Fresh rustls-native-certs v0.8.4
       Fresh rustix v1.1.4
       Fresh num v0.4.3
       Fresh cipher v0.5.2
       Fresh dbus v0.9.12
       Fresh crypto-bigint v0.7.5
       Fresh tokio-rustls v0.26.4
       Fresh aes v0.8.4
       Fresh cbc v0.1.2
       Fresh sha2 v0.11.0
       Fresh hmac v0.13.0
       Fresh http-body-util v0.1.5
       Fresh curve25519-dalek-derive v0.1.1
       Fresh signature v2.2.0
       Fresh ryu v1.0.23
       Fresh option-ext v0.2.0
       Fresh dbus-secret-service v4.1.0
       Fresh dirs-sys v0.5.0
       Fresh ed25519 v2.2.3
       Fresh curve25519-dalek v4.1.3
       Fresh serde_urlencoded v0.7.1
       Fresh rustls-platform-verifier v0.7.0
       Fresh crypto-primes v0.7.2
       Fresh hyper-rustls v0.27.9
       Fresh clap v4.6.6
       Fresh tower-http v0.6.11
       Fresh pkcs8 v0.11.0
       Fresh pkcs1 v0.8.0-rc.4
       Fresh keyring-core v1.0.0
       Fresh sha1 v0.11.0
       Fresh signature v3.0.0
       Fresh thiserror-impl v2.0.20
       Fresh rtoolbox v0.0.6
       Fresh getrandom v0.3.4
       Fresh reqwest v0.13.4
       Fresh anyhow v1.0.104
       Fresh dbus-secret-service-keyring-store v1.0.1
       Fresh thiserror v2.0.20
       Fresh rsa v0.10.0-rc.18
       Fresh rpassword v7.5.4
       Fresh directories v6.0.0
       Fresh ed25519-dalek v2.2.0
       Fresh pbkdf2 v0.13.0
       Fresh hkdf v0.13.0
       Fresh cbc v0.2.1
       Fresh aes v0.9.2
       Fresh fs4 v1.1.0
       Fresh zerocopy-derive v0.8.56
       Fresh winnow v1.0.4
       Fresh base64 v0.23.1
       Fresh memchr v2.8.3
       Fresh toml_datetime v1.1.1+spec-1.1.0
       Fresh aho-corasick v1.1.5
       Fresh zerocopy v0.8.56
       Fresh toml_parser v1.1.3+spec-1.1.0
       Dirty vaultwarden-cli v0.5.4 (/home/sixtocantolla/sessions/day-to-day/vaultwarden-contain-protected-child-processes): the file `src/adapters/supervisor/manager.rs` has changed (1790541743.825222626s, 20s after last build at 1790541723.837746358s)
   Compiling vaultwarden-cli v0.5.4 (/home/sixtocantolla/sessions/day-to-day/vaultwarden-contain-protected-child-processes)
       Fresh either v1.18.0
       Fresh predicates-core v1.0.10
       Fresh ciborium-io v0.2.2
       Fresh regex-automata v0.4.18
       Fresh toml_edit v0.25.13+spec-1.1.0
       Fresh half v2.7.1
       Fresh itertools v0.13.0
       Fresh futures-executor v0.3.34
       Fresh float-cmp v0.10.0
       Fresh num_cpus v1.17.0
       Fresh regex v1.13.1
       Fresh proc-macro-crate v3.5.0
       Fresh ciborium-ll v0.2.2
       Fresh deadpool-runtime v0.1.4
       Fresh same-file v1.0.6
       Fresh lazy_static v1.5.0
       Fresh cast v0.3.0
       Fresh normalize-line-endings v0.3.0
       Fresh relative-path v1.9.3
       Fresh glob v0.3.4
       Fresh termtree v0.5.1
       Fresh difflib v0.4.0
       Fresh ciborium v0.2.2
       Fresh deadpool v0.12.3
       Fresh criterion-plot v0.8.2
       Fresh predicates-tree v1.0.13
       Fresh predicates v3.1.4
       Fresh rstest_macros v0.26.1
       Fresh walkdir v2.5.0
       Fresh alloca v0.4.0
       Fresh futures v0.3.34
       Fresh tinytemplate v1.2.1
       Fresh assert-json-diff v2.0.2
       Fresh bstr v1.13.1
       Fresh chacha20 v0.10.1
       Fresh tokio-stream v0.1.19
       Fresh wait-timeout v0.2.1
       Fresh page_size v0.6.0
       Fresh oorandom v11.1.5
       Fresh futures-timer v3.0.4
       Fresh anes v0.1.6
       Fresh wiremock v0.6.5
       Fresh tokio-test v0.4.5
       Fresh rstest v0.26.1
       Fresh rand v0.10.2
       Fresh assert_cmd v2.2.2
       Fresh tempfile v3.27.0
       Fresh criterion v0.8.2
     Running `/home/sixtocantolla/.rustup/toolchains/stable-x86_64-unknown-linux-gnu/bin/rustc --crate-name vaultwarden_cli --edition=2024 src/lib.rs --error-format=json --json=diagnostic-rendered-ansi,artifacts,future-incompat --emit=dep-info,link -C embed-bitcode=no -C debuginfo=line-tables-only '--deny=clippy::unused_result_ok' '--deny=clippy::unreachable' '--deny=clippy::unimplemented' --warn=unexpected_cfgs '--deny=clippy::todo' '--deny=clippy::map_err_ignore' '--deny=clippy::let_underscore_must_use' '--deny=clippy::get_unwrap' '--deny=clippy::dbg_macro' --check-cfg 'cfg(tarpaulin)' --test --check-cfg 'cfg(docsrs,test)' --check-cfg 'cfg(feature, values())' -C metadata=99143a7f550deff0 -C extra-filename=-e3f6bc7a555f4483 --out-dir /home/sixtocantolla/sessions/day-to-day/vaultwarden-contain-protected-child-processes/target/debug/deps -C incremental=/home/sixtocantolla/sessions/day-to-day/vaultwarden-contain-protected-child-processes/target/debug/incremental -L dependency=/home/sixtocantolla/sessions/day-to-day/vaultwarden-contain-protected-child-processes/target/debug/deps --extern aes=/home/sixtocantolla/sessions/day-to-day/vaultwarden-contain-protected-child-processes/target/debug/deps/libaes-d15c80f76e758342.rlib --extern anyhow=/home/sixtocantolla/sessions/day-to-day/vaultwarden-contain-protected-child-processes/target/debug/deps/libanyhow-dff7756bfcd0c831.rlib --extern assert_cmd=/home/sixtocantolla/sessions/day-to-day/vaultwarden-contain-protected-child-processes/target/debug/deps/libassert_cmd-fc4b8524aa9695f5.rlib --extern base64=/home/sixtocantolla/sessions/day-to-day/vaultwarden-contain-protected-child-processes/target/debug/deps/libbase64-aa23b026d75eba6d.rlib --extern cbc=/home/sixtocantolla/sessions/day-to-day/vaultwarden-contain-protected-child-processes/target/debug/deps/libcbc-244b2ff6a75c4f71.rlib --extern clap=/home/sixtocantolla/sessions/day-to-day/vaultwarden-contain-protected-child-processes/target/debug/deps/libclap-5715579ffa557b5e.rlib --extern criterion=/home/sixtocantolla/sessions/day-to-day/vaultwarden-contain-protected-child-processes/target/debug/deps/libcriterion-4b9660c4d2135b5f.rlib --extern dbus=/home/sixtocantolla/sessions/day-to-day/vaultwarden-contain-protected-child-processes/target/debug/deps/libdbus-b088074be763c01b.rlib --extern dbus_secret_service_keyring_store=/home/sixtocantolla/sessions/day-to-day/vaultwarden-contain-protected-child-processes/target/debug/deps/libdbus_secret_service_keyring_store-038cae1af6927045.rlib --extern directories=/home/sixtocantolla/sessions/day-to-day/vaultwarden-contain-protected-child-processes/target/debug/deps/libdirectories-a33391ecde097d6b.rlib --extern ed25519_dalek=/home/sixtocantolla/sessions/day-to-day/vaultwarden-contain-protected-child-processes/target/debug/deps/libed25519_dalek-33994956d41b844e.rlib --extern fs4=/home/sixtocantolla/sessions/day-to-day/vaultwarden-contain-protected-child-processes/target/debug/deps/libfs4-946ed1ee9093732a.rlib --extern getrandom=/home/sixtocantolla/sessions/day-to-day/vaultwarden-contain-protected-child-processes/target/debug/deps/libgetrandom-79d44dc8dcc3050c.rlib --extern hkdf=/home/sixtocantolla/sessions/day-to-day/vaultwarden-contain-protected-child-processes/target/debug/deps/libhkdf-dcba14d8451a02d7.rlib --extern hmac=/home/sixtocantolla/sessions/day-to-day/vaultwarden-contain-protected-child-processes/target/debug/deps/libhmac-a39fe01d6140acd2.rlib --extern keyring_core=/home/sixtocantolla/sessions/day-to-day/vaultwarden-contain-protected-child-processes/target/debug/deps/libkeyring_core-8b5421913db6ab5b.rlib --extern libc=/home/sixtocantolla/sessions/day-to-day/vaultwarden-contain-protected-child-processes/target/debug/deps/liblibc-977f0284d0fd530a.rlib --extern pbkdf2=/home/sixtocantolla/sessions/day-to-day/vaultwarden-contain-protected-child-processes/target/debug/deps/libpbkdf2-2592cefa3220a94a.rlib --extern predicates=/home/sixtocantolla/sessions/day-to-day/vaultwarden-contain-protected-child-processes/target/debug/deps/libpredicates-15036309cb92c251.rlib --extern rand=/home/sixtocantolla/sessions/day-to-day/vaultwarden-contain-protected-child-processes/target/debug/deps/librand-7360042e2e990b53.rlib --extern rand_core=/home/sixtocantolla/sessions/day-to-day/vaultwarden-contain-protected-child-processes/target/debug/deps/librand_core-ffd3a88f2751d968.rlib --extern regex=/home/sixtocantolla/sessions/day-to-day/vaultwarden-contain-protected-child-processes/target/debug/deps/libregex-684aa2a70005b5f3.rlib --extern reqwest=/home/sixtocantolla/sessions/day-to-day/vaultwarden-contain-protected-child-processes/target/debug/deps/libreqwest-0920b5cbb25e01b3.rlib --extern rpassword=/home/sixtocantolla/sessions/day-to-day/vaultwarden-contain-protected-child-processes/target/debug/deps/librpassword-967534cacf19c127.rlib --extern rsa=/home/sixtocantolla/sessions/day-to-day/vaultwarden-contain-protected-child-processes/target/debug/deps/librsa-488ee14504cf7a56.rlib --extern rstest=/home/sixtocantolla/sessions/day-to-day/vaultwarden-contain-protected-child-processes/target/debug/deps/librstest-607776e2323b0d15.rlib --extern rustls=/home/sixtocantolla/sessions/day-to-day/vaultwarden-contain-protected-child-processes/target/debug/deps/librustls-ff83b9db8137f4c6.rlib --extern serde=/home/sixtocantolla/sessions/day-to-day/vaultwarden-contain-protected-child-processes/target/debug/deps/libserde-80fde8023384323e.rlib --extern serde_json=/home/sixtocantolla/sessions/day-to-day/vaultwarden-contain-protected-child-processes/target/debug/deps/libserde_json-393d8b98de9f4aa7.rlib --extern sha1=/home/sixtocantolla/sessions/day-to-day/vaultwarden-contain-protected-child-processes/target/debug/deps/libsha1-77af1eca7b7597d3.rlib --extern sha2=/home/sixtocantolla/sessions/day-to-day/vaultwarden-contain-protected-child-processes/target/debug/deps/libsha2-c98506ab3375b936.rlib --extern tempfile=/home/sixtocantolla/sessions/day-to-day/vaultwarden-contain-protected-child-processes/target/debug/deps/libtempfile-c06742e9b2bf5323.rlib --extern thiserror=/home/sixtocantolla/sessions/day-to-day/vaultwarden-contain-protected-child-processes/target/debug/deps/libthiserror-0e8d22adff41defb.rlib --extern tokio=/home/sixtocantolla/sessions/day-to-day/vaultwarden-contain-protected-child-processes/target/debug/deps/libtokio-049ab909b3fd5cd4.rlib --extern tokio_test=/home/sixtocantolla/sessions/day-to-day/vaultwarden-contain-protected-child-processes/target/debug/deps/libtokio_test-cc3d5a1398d33181.rlib --extern wiremock=/home/sixtocantolla/sessions/day-to-day/vaultwarden-contain-protected-child-processes/target/debug/deps/libwiremock-fbb69ed54141ae79.rlib --extern zeroize=/home/sixtocantolla/sessions/day-to-day/vaultwarden-contain-protected-child-processes/target/debug/deps/libzeroize-19a098a0413dc6e2.rlib -L native=/home/sixtocantolla/sessions/day-to-day/vaultwarden-contain-protected-child-processes/target/debug/build/alloca-6d6825ee6b34ecdd/out -L native=/home/sixtocantolla/sessions/day-to-day/vaultwarden-contain-protected-child-processes/target/debug/build/libdbus-sys-0af6c718bf113e4f/out -L native=/home/sixtocantolla/sessions/day-to-day/vaultwarden-contain-protected-child-processes/target/debug/build/libdbus-sys-0af6c718bf113e4f/out -L native=/home/sixtocantolla/sessions/day-to-day/vaultwarden-contain-protected-child-processes/target/debug/build/ring-28d6e2fe0e34427f/out`
     Running `/home/sixtocantolla/.rustup/toolchains/stable-x86_64-unknown-linux-gnu/bin/rustc --crate-name vaultwarden_cli --edition=2024 src/lib.rs --error-format=json --json=diagnostic-rendered-ansi,artifacts,future-incompat --crate-type lib --emit=dep-info,metadata,link -C embed-bitcode=no -C debuginfo=line-tables-only '--deny=clippy::unused_result_ok' '--deny=clippy::unreachable' '--deny=clippy::unimplemented' --warn=unexpected_cfgs '--deny=clippy::todo' '--deny=clippy::map_err_ignore' '--deny=clippy::let_underscore_must_use' '--deny=clippy::get_unwrap' '--deny=clippy::dbg_macro' --check-cfg 'cfg(tarpaulin)' --check-cfg 'cfg(docsrs,test)' --check-cfg 'cfg(feature, values())' -C metadata=776c57ce8c4fb62c -C extra-filename=-65f2d5d9b71402a8 --out-dir /home/sixtocantolla/sessions/day-to-day/vaultwarden-contain-protected-child-processes/target/debug/deps -C incremental=/home/sixtocantolla/sessions/day-to-day/vaultwarden-contain-protected-child-processes/target/debug/incremental -L dependency=/home/sixtocantolla/sessions/day-to-day/vaultwarden-contain-protected-child-processes/target/debug/deps --extern aes=/home/sixtocantolla/sessions/day-to-day/vaultwarden-contain-protected-child-processes/target/debug/deps/libaes-d15c80f76e758342.rmeta --extern anyhow=/home/sixtocantolla/sessions/day-to-day/vaultwarden-contain-protected-child-processes/target/debug/deps/libanyhow-dff7756bfcd0c831.rmeta --extern base64=/home/sixtocantolla/sessions/day-to-day/vaultwarden-contain-protected-child-processes/target/debug/deps/libbase64-aa23b026d75eba6d.rmeta --extern cbc=/home/sixtocantolla/sessions/day-to-day/vaultwarden-contain-protected-child-processes/target/debug/deps/libcbc-244b2ff6a75c4f71.rmeta --extern clap=/home/sixtocantolla/sessions/day-to-day/vaultwarden-contain-protected-child-processes/target/debug/deps/libclap-5715579ffa557b5e.rmeta --extern dbus=/home/sixtocantolla/sessions/day-to-day/vaultwarden-contain-protected-child-processes/target/debug/deps/libdbus-b088074be763c01b.rmeta --extern dbus_secret_service_keyring_store=/home/sixtocantolla/sessions/day-to-day/vaultwarden-contain-protected-child-processes/target/debug/deps/libdbus_secret_service_keyring_store-038cae1af6927045.rmeta --extern directories=/home/sixtocantolla/sessions/day-to-day/vaultwarden-contain-protected-child-processes/target/debug/deps/libdirectories-a33391ecde097d6b.rmeta --extern ed25519_dalek=/home/sixtocantolla/sessions/day-to-day/vaultwarden-contain-protected-child-processes/target/debug/deps/libed25519_dalek-33994956d41b844e.rmeta --extern fs4=/home/sixtocantolla/sessions/day-to-day/vaultwarden-contain-protected-child-processes/target/debug/deps/libfs4-946ed1ee9093732a.rmeta --extern getrandom=/home/sixtocantolla/sessions/day-to-day/vaultwarden-contain-protected-child-processes/target/debug/deps/libgetrandom-79d44dc8dcc3050c.rmeta --extern hkdf=/home/sixtocantolla/sessions/day-to-day/vaultwarden-contain-protected-child-processes/target/debug/deps/libhkdf-dcba14d8451a02d7.rmeta --extern hmac=/home/sixtocantolla/sessions/day-to-day/vaultwarden-contain-protected-child-processes/target/debug/deps/libhmac-a39fe01d6140acd2.rmeta --extern keyring_core=/home/sixtocantolla/sessions/day-to-day/vaultwarden-contain-protected-child-processes/target/debug/deps/libkeyring_core-8b5421913db6ab5b.rmeta --extern libc=/home/sixtocantolla/sessions/day-to-day/vaultwarden-contain-protected-child-processes/target/debug/deps/liblibc-977f0284d0fd530a.rmeta --extern pbkdf2=/home/sixtocantolla/sessions/day-to-day/vaultwarden-contain-protected-child-processes/target/debug/deps/libpbkdf2-2592cefa3220a94a.rmeta --extern regex=/home/sixtocantolla/sessions/day-to-day/vaultwarden-contain-protected-child-processes/target/debug/deps/libregex-684aa2a70005b5f3.rmeta --extern reqwest=/home/sixtocantolla/sessions/day-to-day/vaultwarden-contain-protected-child-processes/target/debug/deps/libreqwest-0920b5cbb25e01b3.rmeta --extern rpassword=/home/sixtocantolla/sessions/day-to-day/vaultwarden-contain-protected-child-processes/target/debug/deps/librpassword-967534cacf19c127.rmeta --extern rsa=/home/sixtocantolla/sessions/day-to-day/vaultwarden-contain-protected-child-processes/target/debug/deps/librsa-488ee14504cf7a56.rmeta --extern rustls=/home/sixtocantolla/sessions/day-to-day/vaultwarden-contain-protected-child-processes/target/debug/deps/librustls-ff83b9db8137f4c6.rmeta --extern serde=/home/sixtocantolla/sessions/day-to-day/vaultwarden-contain-protected-child-processes/target/debug/deps/libserde-80fde8023384323e.rmeta --extern serde_json=/home/sixtocantolla/sessions/day-to-day/vaultwarden-contain-protected-child-processes/target/debug/deps/libserde_json-393d8b98de9f4aa7.rmeta --extern sha1=/home/sixtocantolla/sessions/day-to-day/vaultwarden-contain-protected-child-processes/target/debug/deps/libsha1-77af1eca7b7597d3.rmeta --extern sha2=/home/sixtocantolla/sessions/day-to-day/vaultwarden-contain-protected-child-processes/target/debug/deps/libsha2-c98506ab3375b936.rmeta --extern thiserror=/home/sixtocantolla/sessions/day-to-day/vaultwarden-contain-protected-child-processes/target/debug/deps/libthiserror-0e8d22adff41defb.rmeta --extern tokio=/home/sixtocantolla/sessions/day-to-day/vaultwarden-contain-protected-child-processes/target/debug/deps/libtokio-049ab909b3fd5cd4.rmeta --extern zeroize=/home/sixtocantolla/sessions/day-to-day/vaultwarden-contain-protected-child-processes/target/debug/deps/libzeroize-19a098a0413dc6e2.rmeta -L native=/home/sixtocantolla/sessions/day-to-day/vaultwarden-contain-protected-child-processes/target/debug/build/libdbus-sys-0af6c718bf113e4f/out -L native=/home/sixtocantolla/sessions/day-to-day/vaultwarden-contain-protected-child-processes/target/debug/build/libdbus-sys-0af6c718bf113e4f/out -L native=/home/sixtocantolla/sessions/day-to-day/vaultwarden-contain-protected-child-processes/target/debug/build/ring-28d6e2fe0e34427f/out`
     Running `/home/sixtocantolla/.rustup/toolchains/stable-x86_64-unknown-linux-gnu/bin/rustc --crate-name vaultwarden_cli --edition=2024 src/main.rs --error-format=json --json=diagnostic-rendered-ansi,artifacts,future-incompat --emit=dep-info,link -C embed-bitcode=no -C debuginfo=line-tables-only '--deny=clippy::unused_result_ok' '--deny=clippy::unreachable' '--deny=clippy::unimplemented' --warn=unexpected_cfgs '--deny=clippy::todo' '--deny=clippy::map_err_ignore' '--deny=clippy::let_underscore_must_use' '--deny=clippy::get_unwrap' '--deny=clippy::dbg_macro' --check-cfg 'cfg(tarpaulin)' --test --check-cfg 'cfg(docsrs,test)' --check-cfg 'cfg(feature, values())' -C metadata=91e66be052cbfe60 -C extra-filename=-94d5814b7b18fe88 --out-dir /home/sixtocantolla/sessions/day-to-day/vaultwarden-contain-protected-child-processes/target/debug/deps -C incremental=/home/sixtocantolla/sessions/day-to-day/vaultwarden-contain-protected-child-processes/target/debug/incremental -L dependency=/home/sixtocantolla/sessions/day-to-day/vaultwarden-contain-protected-child-processes/target/debug/deps --extern aes=/home/sixtocantolla/sessions/day-to-day/vaultwarden-contain-protected-child-processes/target/debug/deps/libaes-d15c80f76e758342.rlib --extern anyhow=/home/sixtocantolla/sessions/day-to-day/vaultwarden-contain-protected-child-processes/target/debug/deps/libanyhow-dff7756bfcd0c831.rlib --extern assert_cmd=/home/sixtocantolla/sessions/day-to-day/vaultwarden-contain-protected-child-processes/target/debug/deps/libassert_cmd-fc4b8524aa9695f5.rlib --extern base64=/home/sixtocantolla/sessions/day-to-day/vaultwarden-contain-protected-child-processes/target/debug/deps/libbase64-aa23b026d75eba6d.rlib --extern cbc=/home/sixtocantolla/sessions/day-to-day/vaultwarden-contain-protected-child-processes/target/debug/deps/libcbc-244b2ff6a75c4f71.rlib --extern clap=/home/sixtocantolla/sessions/day-to-day/vaultwarden-contain-protected-child-processes/target/debug/deps/libclap-5715579ffa557b5e.rlib --extern criterion=/home/sixtocantolla/sessions/day-to-day/vaultwarden-contain-protected-child-processes/target/debug/deps/libcriterion-4b9660c4d2135b5f.rlib --extern dbus=/home/sixtocantolla/sessions/day-to-day/vaultwarden-contain-protected-child-processes/target/debug/deps/libdbus-b088074be763c01b.rlib --extern dbus_secret_service_keyring_store=/home/sixtocantolla/sessions/day-to-day/vaultwarden-contain-protected-child-processes/target/debug/deps/libdbus_secret_service_keyring_store-038cae1af6927045.rlib --extern directories=/home/sixtocantolla/sessions/day-to-day/vaultwarden-contain-protected-child-processes/target/debug/deps/libdirectories-a33391ecde097d6b.rlib --extern ed25519_dalek=/home/sixtocantolla/sessions/day-to-day/vaultwarden-contain-protected-child-processes/target/debug/deps/libed25519_dalek-33994956d41b844e.rlib --extern fs4=/home/sixtocantolla/sessions/day-to-day/vaultwarden-contain-protected-child-processes/target/debug/deps/libfs4-946ed1ee9093732a.rlib --extern getrandom=/home/sixtocantolla/sessions/day-to-day/vaultwarden-contain-protected-child-processes/target/debug/deps/libgetrandom-79d44dc8dcc3050c.rlib --extern hkdf=/home/sixtocantolla/sessions/day-to-day/vaultwarden-contain-protected-child-processes/target/debug/deps/libhkdf-dcba14d8451a02d7.rlib --extern hmac=/home/sixtocantolla/sessions/day-to-day/vaultwarden-contain-protected-child-processes/target/debug/deps/libhmac-a39fe01d6140acd2.rlib --extern keyring_core=/home/sixtocantolla/sessions/day-to-day/vaultwarden-contain-protected-child-processes/target/debug/deps/libkeyring_core-8b5421913db6ab5b.rlib --extern libc=/home/sixtocantolla/sessions/day-to-day/vaultwarden-contain-protected-child-processes/target/debug/deps/liblibc-977f0284d0fd530a.rlib --extern pbkdf2=/home/sixtocantolla/sessions/day-to-day/vaultwarden-contain-protected-child-processes/target/debug/deps/libpbkdf2-2592cefa3220a94a.rlib --extern predicates=/home/sixtocantolla/sessions/day-to-day/vaultwarden-contain-protected-child-processes/target/debug/deps/libpredicates-15036309cb92c251.rlib --extern rand=/home/sixtocantolla/sessions/day-to-day/vaultwarden-contain-protected-child-processes/target/debug/deps/librand-7360042e2e990b53.rlib --extern rand_core=/home/sixtocantolla/sessions/day-to-day/vaultwarden-contain-protected-child-processes/target/debug/deps/librand_core-ffd3a88f2751d968.rlib --extern regex=/home/sixtocantolla/sessions/day-to-day/vaultwarden-contain-protected-child-processes/target/debug/deps/libregex-684aa2a70005b5f3.rlib --extern reqwest=/home/sixtocantolla/sessions/day-to-day/vaultwarden-contain-protected-child-processes/target/debug/deps/libreqwest-0920b5cbb25e01b3.rlib --extern rpassword=/home/sixtocantolla/sessions/day-to-day/vaultwarden-contain-protected-child-processes/target/debug/deps/librpassword-967534cacf19c127.rlib --extern rsa=/home/sixtocantolla/sessions/day-to-day/vaultwarden-contain-protected-child-processes/target/debug/deps/librsa-488ee14504cf7a56.rlib --extern rstest=/home/sixtocantolla/sessions/day-to-day/vaultwarden-contain-protected-child-processes/target/debug/deps/librstest-607776e2323b0d15.rlib --extern rustls=/home/sixtocantolla/sessions/day-to-day/vaultwarden-contain-protected-child-processes/target/debug/deps/librustls-ff83b9db8137f4c6.rlib --extern serde=/home/sixtocantolla/sessions/day-to-day/vaultwarden-contain-protected-child-processes/target/debug/deps/libserde-80fde8023384323e.rlib --extern serde_json=/home/sixtocantolla/sessions/day-to-day/vaultwarden-contain-protected-child-processes/target/debug/deps/libserde_json-393d8b98de9f4aa7.rlib --extern sha1=/home/sixtocantolla/sessions/day-to-day/vaultwarden-contain-protected-child-processes/target/debug/deps/libsha1-77af1eca7b7597d3.rlib --extern sha2=/home/sixtocantolla/sessions/day-to-day/vaultwarden-contain-protected-child-processes/target/debug/deps/libsha2-c98506ab3375b936.rlib --extern tempfile=/home/sixtocantolla/sessions/day-to-day/vaultwarden-contain-protected-child-processes/target/debug/deps/libtempfile-c06742e9b2bf5323.rlib --extern thiserror=/home/sixtocantolla/sessions/day-to-day/vaultwarden-contain-protected-child-processes/target/debug/deps/libthiserror-0e8d22adff41defb.rlib --extern tokio=/home/sixtocantolla/sessions/day-to-day/vaultwarden-contain-protected-child-processes/target/debug/deps/libtokio-049ab909b3fd5cd4.rlib --extern tokio_test=/home/sixtocantolla/sessions/day-to-day/vaultwarden-contain-protected-child-processes/target/debug/deps/libtokio_test-cc3d5a1398d33181.rlib --extern vaultwarden_cli=/home/sixtocantolla/sessions/day-to-day/vaultwarden-contain-protected-child-processes/target/debug/deps/libvaultwarden_cli-65f2d5d9b71402a8.rlib --extern wiremock=/home/sixtocantolla/sessions/day-to-day/vaultwarden-contain-protected-child-processes/target/debug/deps/libwiremock-fbb69ed54141ae79.rlib --extern zeroize=/home/sixtocantolla/sessions/day-to-day/vaultwarden-contain-protected-child-processes/target/debug/deps/libzeroize-19a098a0413dc6e2.rlib -L native=/home/sixtocantolla/sessions/day-to-day/vaultwarden-contain-protected-child-processes/target/debug/build/alloca-6d6825ee6b34ecdd/out -L native=/home/sixtocantolla/sessions/day-to-day/vaultwarden-contain-protected-child-processes/target/debug/build/libdbus-sys-0af6c718bf113e4f/out -L native=/home/sixtocantolla/sessions/day-to-day/vaultwarden-contain-protected-child-processes/target/debug/build/libdbus-sys-0af6c718bf113e4f/out -L native=/home/sixtocantolla/sessions/day-to-day/vaultwarden-contain-protected-child-processes/target/debug/build/ring-28d6e2fe0e34427f/out`
     Running `/home/sixtocantolla/.rustup/toolchains/stable-x86_64-unknown-linux-gnu/bin/rustc --crate-name systemd_supervisor --edition=2024 tests/systemd_supervisor.rs --error-format=json --json=diagnostic-rendered-ansi,artifacts,future-incompat --emit=dep-info,link -C embed-bitcode=no -C debuginfo=line-tables-only '--deny=clippy::unused_result_ok' '--deny=clippy::unreachable' '--deny=clippy::unimplemented' --warn=unexpected_cfgs '--deny=clippy::todo' '--deny=clippy::map_err_ignore' '--deny=clippy::let_underscore_must_use' '--deny=clippy::get_unwrap' '--deny=clippy::dbg_macro' --check-cfg 'cfg(tarpaulin)' --test --check-cfg 'cfg(docsrs,test)' --check-cfg 'cfg(feature, values())' -C metadata=cf28514c556d8e39 -C extra-filename=-48ba7792a1e4a7c1 --out-dir /home/sixtocantolla/sessions/day-to-day/vaultwarden-contain-protected-child-processes/target/debug/deps -C incremental=/home/sixtocantolla/sessions/day-to-day/vaultwarden-contain-protected-child-processes/target/debug/incremental -L dependency=/home/sixtocantolla/sessions/day-to-day/vaultwarden-contain-protected-child-processes/target/debug/deps --extern aes=/home/sixtocantolla/sessions/day-to-day/vaultwarden-contain-protected-child-processes/target/debug/deps/libaes-d15c80f76e758342.rlib --extern anyhow=/home/sixtocantolla/sessions/day-to-day/vaultwarden-contain-protected-child-processes/target/debug/deps/libanyhow-dff7756bfcd0c831.rlib --extern assert_cmd=/home/sixtocantolla/sessions/day-to-day/vaultwarden-contain-protected-child-processes/target/debug/deps/libassert_cmd-fc4b8524aa9695f5.rlib --extern base64=/home/sixtocantolla/sessions/day-to-day/vaultwarden-contain-protected-child-processes/target/debug/deps/libbase64-aa23b026d75eba6d.rlib --extern cbc=/home/sixtocantolla/sessions/day-to-day/vaultwarden-contain-protected-child-processes/target/debug/deps/libcbc-244b2ff6a75c4f71.rlib --extern clap=/home/sixtocantolla/sessions/day-to-day/vaultwarden-contain-protected-child-processes/target/debug/deps/libclap-5715579ffa557b5e.rlib --extern criterion=/home/sixtocantolla/sessions/day-to-day/vaultwarden-contain-protected-child-processes/target/debug/deps/libcriterion-4b9660c4d2135b5f.rlib --extern dbus=/home/sixtocantolla/sessions/day-to-day/vaultwarden-contain-protected-child-processes/target/debug/deps/libdbus-b088074be763c01b.rlib --extern dbus_secret_service_keyring_store=/home/sixtocantolla/sessions/day-to-day/vaultwarden-contain-protected-child-processes/target/debug/deps/libdbus_secret_service_keyring_store-038cae1af6927045.rlib --extern directories=/home/sixtocantolla/sessions/day-to-day/vaultwarden-contain-protected-child-processes/target/debug/deps/libdirectories-a33391ecde097d6b.rlib --extern ed25519_dalek=/home/sixtocantolla/sessions/day-to-day/vaultwarden-contain-protected-child-processes/target/debug/deps/libed25519_dalek-33994956d41b844e.rlib --extern fs4=/home/sixtocantolla/sessions/day-to-day/vaultwarden-contain-protected-child-processes/target/debug/deps/libfs4-946ed1ee9093732a.rlib --extern getrandom=/home/sixtocantolla/sessions/day-to-day/vaultwarden-contain-protected-child-processes/target/debug/deps/libgetrandom-79d44dc8dcc3050c.rlib --extern hkdf=/home/sixtocantolla/sessions/day-to-day/vaultwarden-contain-protected-child-processes/target/debug/deps/libhkdf-dcba14d8451a02d7.rlib --extern hmac=/home/sixtocantolla/sessions/day-to-day/vaultwarden-contain-protected-child-processes/target/debug/deps/libhmac-a39fe01d6140acd2.rlib --extern keyring_core=/home/sixtocantolla/sessions/day-to-day/vaultwarden-contain-protected-child-processes/target/debug/deps/libkeyring_core-8b5421913db6ab5b.rlib --extern libc=/home/sixtocantolla/sessions/day-to-day/vaultwarden-contain-protected-child-processes/target/debug/deps/liblibc-977f0284d0fd530a.rlib --extern pbkdf2=/home/sixtocantolla/sessions/day-to-day/vaultwarden-contain-protected-child-processes/target/debug/deps/libpbkdf2-2592cefa3220a94a.rlib --extern predicates=/home/sixtocantolla/sessions/day-to-day/vaultwarden-contain-protected-child-processes/target/debug/deps/libpredicates-15036309cb92c251.rlib --extern rand=/home/sixtocantolla/sessions/day-to-day/vaultwarden-contain-protected-child-processes/target/debug/deps/librand-7360042e2e990b53.rlib --extern rand_core=/home/sixtocantolla/sessions/day-to-day/vaultwarden-contain-protected-child-processes/target/debug/deps/librand_core-ffd3a88f2751d968.rlib --extern regex=/home/sixtocantolla/sessions/day-to-day/vaultwarden-contain-protected-child-processes/target/debug/deps/libregex-684aa2a70005b5f3.rlib --extern reqwest=/home/sixtocantolla/sessions/day-to-day/vaultwarden-contain-protected-child-processes/target/debug/deps/libreqwest-0920b5cbb25e01b3.rlib --extern rpassword=/home/sixtocantolla/sessions/day-to-day/vaultwarden-contain-protected-child-processes/target/debug/deps/librpassword-967534cacf19c127.rlib --extern rsa=/home/sixtocantolla/sessions/day-to-day/vaultwarden-contain-protected-child-processes/target/debug/deps/librsa-488ee14504cf7a56.rlib --extern rstest=/home/sixtocantolla/sessions/day-to-day/vaultwarden-contain-protected-child-processes/target/debug/deps/librstest-607776e2323b0d15.rlib --extern rustls=/home/sixtocantolla/sessions/day-to-day/vaultwarden-contain-protected-child-processes/target/debug/deps/librustls-ff83b9db8137f4c6.rlib --extern serde=/home/sixtocantolla/sessions/day-to-day/vaultwarden-contain-protected-child-processes/target/debug/deps/libserde-80fde8023384323e.rlib --extern serde_json=/home/sixtocantolla/sessions/day-to-day/vaultwarden-contain-protected-child-processes/target/debug/deps/libserde_json-393d8b98de9f4aa7.rlib --extern sha1=/home/sixtocantolla/sessions/day-to-day/vaultwarden-contain-protected-child-processes/target/debug/deps/libsha1-77af1eca7b7597d3.rlib --extern sha2=/home/sixtocantolla/sessions/day-to-day/vaultwarden-contain-protected-child-processes/target/debug/deps/libsha2-c98506ab3375b936.rlib --extern tempfile=/home/sixtocantolla/sessions/day-to-day/vaultwarden-contain-protected-child-processes/target/debug/deps/libtempfile-c06742e9b2bf5323.rlib --extern thiserror=/home/sixtocantolla/sessions/day-to-day/vaultwarden-contain-protected-child-processes/target/debug/deps/libthiserror-0e8d22adff41defb.rlib --extern tokio=/home/sixtocantolla/sessions/day-to-day/vaultwarden-contain-protected-child-processes/target/debug/deps/libtokio-049ab909b3fd5cd4.rlib --extern tokio_test=/home/sixtocantolla/sessions/day-to-day/vaultwarden-contain-protected-child-processes/target/debug/deps/libtokio_test-cc3d5a1398d33181.rlib --extern vaultwarden_cli=/home/sixtocantolla/sessions/day-to-day/vaultwarden-contain-protected-child-processes/target/debug/deps/libvaultwarden_cli-65f2d5d9b71402a8.rlib --extern wiremock=/home/sixtocantolla/sessions/day-to-day/vaultwarden-contain-protected-child-processes/target/debug/deps/libwiremock-fbb69ed54141ae79.rlib --extern zeroize=/home/sixtocantolla/sessions/day-to-day/vaultwarden-contain-protected-child-processes/target/debug/deps/libzeroize-19a098a0413dc6e2.rlib -L native=/home/sixtocantolla/sessions/day-to-day/vaultwarden-contain-protected-child-processes/target/debug/build/alloca-6d6825ee6b34ecdd/out -L native=/home/sixtocantolla/sessions/day-to-day/vaultwarden-contain-protected-child-processes/target/debug/build/libdbus-sys-0af6c718bf113e4f/out -L native=/home/sixtocantolla/sessions/day-to-day/vaultwarden-contain-protected-child-processes/target/debug/build/libdbus-sys-0af6c718bf113e4f/out -L native=/home/sixtocantolla/sessions/day-to-day/vaultwarden-contain-protected-child-processes/target/debug/build/ring-28d6e2fe0e34427f/out`
     Running `/home/sixtocantolla/.rustup/toolchains/stable-x86_64-unknown-linux-gnu/bin/rustc --crate-name vaultwarden_cli --edition=2024 src/main.rs --error-format=json --json=diagnostic-rendered-ansi,artifacts,future-incompat --crate-type bin --emit=dep-info,link -C embed-bitcode=no -C debuginfo=line-tables-only '--deny=clippy::unused_result_ok' '--deny=clippy::unreachable' '--deny=clippy::unimplemented' --warn=unexpected_cfgs '--deny=clippy::todo' '--deny=clippy::map_err_ignore' '--deny=clippy::let_underscore_must_use' '--deny=clippy::get_unwrap' '--deny=clippy::dbg_macro' --check-cfg 'cfg(tarpaulin)' --check-cfg 'cfg(docsrs,test)' --check-cfg 'cfg(feature, values())' -C metadata=1557bf9dc656f252 -C extra-filename=-27122e1397147cc1 --out-dir /home/sixtocantolla/sessions/day-to-day/vaultwarden-contain-protected-child-processes/target/debug/deps -C incremental=/home/sixtocantolla/sessions/day-to-day/vaultwarden-contain-protected-child-processes/target/debug/incremental -L dependency=/home/sixtocantolla/sessions/day-to-day/vaultwarden-contain-protected-child-processes/target/debug/deps --extern aes=/home/sixtocantolla/sessions/day-to-day/vaultwarden-contain-protected-child-processes/target/debug/deps/libaes-d15c80f76e758342.rlib --extern anyhow=/home/sixtocantolla/sessions/day-to-day/vaultwarden-contain-protected-child-processes/target/debug/deps/libanyhow-dff7756bfcd0c831.rlib --extern base64=/home/sixtocantolla/sessions/day-to-day/vaultwarden-contain-protected-child-processes/target/debug/deps/libbase64-aa23b026d75eba6d.rlib --extern cbc=/home/sixtocantolla/sessions/day-to-day/vaultwarden-contain-protected-child-processes/target/debug/deps/libcbc-244b2ff6a75c4f71.rlib --extern clap=/home/sixtocantolla/sessions/day-to-day/vaultwarden-contain-protected-child-processes/target/debug/deps/libclap-5715579ffa557b5e.rlib --extern dbus=/home/sixtocantolla/sessions/day-to-day/vaultwarden-contain-protected-child-processes/target/debug/deps/libdbus-b088074be763c01b.rlib --extern dbus_secret_service_keyring_store=/home/sixtocantolla/sessions/day-to-day/vaultwarden-contain-protected-child-processes/target/debug/deps/libdbus_secret_service_keyring_store-038cae1af6927045.rlib --extern directories=/home/sixtocantolla/sessions/day-to-day/vaultwarden-contain-protected-child-processes/target/debug/deps/libdirectories-a33391ecde097d6b.rlib --extern ed25519_dalek=/home/sixtocantolla/sessions/day-to-day/vaultwarden-contain-protected-child-processes/target/debug/deps/libed25519_dalek-33994956d41b844e.rlib --extern fs4=/home/sixtocantolla/sessions/day-to-day/vaultwarden-contain-protected-child-processes/target/debug/deps/libfs4-946ed1ee9093732a.rlib --extern getrandom=/home/sixtocantolla/sessions/day-to-day/vaultwarden-contain-protected-child-processes/target/debug/deps/libgetrandom-79d44dc8dcc3050c.rlib --extern hkdf=/home/sixtocantolla/sessions/day-to-day/vaultwarden-contain-protected-child-processes/target/debug/deps/libhkdf-dcba14d8451a02d7.rlib --extern hmac=/home/sixtocantolla/sessions/day-to-day/vaultwarden-contain-protected-child-processes/target/debug/deps/libhmac-a39fe01d6140acd2.rlib --extern keyring_core=/home/sixtocantolla/sessions/day-to-day/vaultwarden-contain-protected-child-processes/target/debug/deps/libkeyring_core-8b5421913db6ab5b.rlib --extern libc=/home/sixtocantolla/sessions/day-to-day/vaultwarden-contain-protected-child-processes/target/debug/deps/liblibc-977f0284d0fd530a.rlib --extern pbkdf2=/home/sixtocantolla/sessions/day-to-day/vaultwarden-contain-protected-child-processes/target/debug/deps/libpbkdf2-2592cefa3220a94a.rlib --extern regex=/home/sixtocantolla/sessions/day-to-day/vaultwarden-contain-protected-child-processes/target/debug/deps/libregex-684aa2a70005b5f3.rlib --extern reqwest=/home/sixtocantolla/sessions/day-to-day/vaultwarden-contain-protected-child-processes/target/debug/deps/libreqwest-0920b5cbb25e01b3.rlib --extern rpassword=/home/sixtocantolla/sessions/day-to-day/vaultwarden-contain-protected-child-processes/target/debug/deps/librpassword-967534cacf19c127.rlib --extern rsa=/home/sixtocantolla/sessions/day-to-day/vaultwarden-contain-protected-child-processes/target/debug/deps/librsa-488ee14504cf7a56.rlib --extern rustls=/home/sixtocantolla/sessions/day-to-day/vaultwarden-contain-protected-child-processes/target/debug/deps/librustls-ff83b9db8137f4c6.rlib --extern serde=/home/sixtocantolla/sessions/day-to-day/vaultwarden-contain-protected-child-processes/target/debug/deps/libserde-80fde8023384323e.rlib --extern serde_json=/home/sixtocantolla/sessions/day-to-day/vaultwarden-contain-protected-child-processes/target/debug/deps/libserde_json-393d8b98de9f4aa7.rlib --extern sha1=/home/sixtocantolla/sessions/day-to-day/vaultwarden-contain-protected-child-processes/target/debug/deps/libsha1-77af1eca7b7597d3.rlib --extern sha2=/home/sixtocantolla/sessions/day-to-day/vaultwarden-contain-protected-child-processes/target/debug/deps/libsha2-c98506ab3375b936.rlib --extern thiserror=/home/sixtocantolla/sessions/day-to-day/vaultwarden-contain-protected-child-processes/target/debug/deps/libthiserror-0e8d22adff41defb.rlib --extern tokio=/home/sixtocantolla/sessions/day-to-day/vaultwarden-contain-protected-child-processes/target/debug/deps/libtokio-049ab909b3fd5cd4.rlib --extern vaultwarden_cli=/home/sixtocantolla/sessions/day-to-day/vaultwarden-contain-protected-child-processes/target/debug/deps/libvaultwarden_cli-65f2d5d9b71402a8.rlib --extern zeroize=/home/sixtocantolla/sessions/day-to-day/vaultwarden-contain-protected-child-processes/target/debug/deps/libzeroize-19a098a0413dc6e2.rlib -L native=/home/sixtocantolla/sessions/day-to-day/vaultwarden-contain-protected-child-processes/target/debug/build/libdbus-sys-0af6c718bf113e4f/out -L native=/home/sixtocantolla/sessions/day-to-day/vaultwarden-contain-protected-child-processes/target/debug/build/libdbus-sys-0af6c718bf113e4f/out -L native=/home/sixtocantolla/sessions/day-to-day/vaultwarden-contain-protected-child-processes/target/debug/build/ring-28d6e2fe0e34427f/out`
     Running `/home/sixtocantolla/.rustup/toolchains/stable-x86_64-unknown-linux-gnu/bin/rustc --crate-name human_cli --edition=2024 tests/human_cli.rs --error-format=json --json=diagnostic-rendered-ansi,artifacts,future-incompat --emit=dep-info,link -C embed-bitcode=no -C debuginfo=line-tables-only '--deny=clippy::unused_result_ok' '--deny=clippy::unreachable' '--deny=clippy::unimplemented' --warn=unexpected_cfgs '--deny=clippy::todo' '--deny=clippy::map_err_ignore' '--deny=clippy::let_underscore_must_use' '--deny=clippy::get_unwrap' '--deny=clippy::dbg_macro' --check-cfg 'cfg(tarpaulin)' --test --check-cfg 'cfg(docsrs,test)' --check-cfg 'cfg(feature, values())' -C metadata=e04f26456cb072b2 -C extra-filename=-56a1bc3000b21e1b --out-dir /home/sixtocantolla/sessions/day-to-day/vaultwarden-contain-protected-child-processes/target/debug/deps -C incremental=/home/sixtocantolla/sessions/day-to-day/vaultwarden-contain-protected-child-processes/target/debug/incremental -L dependency=/home/sixtocantolla/sessions/day-to-day/vaultwarden-contain-protected-child-processes/target/debug/deps --extern aes=/home/sixtocantolla/sessions/day-to-day/vaultwarden-contain-protected-child-processes/target/debug/deps/libaes-d15c80f76e758342.rlib --extern anyhow=/home/sixtocantolla/sessions/day-to-day/vaultwarden-contain-protected-child-processes/target/debug/deps/libanyhow-dff7756bfcd0c831.rlib --extern assert_cmd=/home/sixtocantolla/sessions/day-to-day/vaultwarden-contain-protected-child-processes/target/debug/deps/libassert_cmd-fc4b8524aa9695f5.rlib --extern base64=/home/sixtocantolla/sessions/day-to-day/vaultwarden-contain-protected-child-processes/target/debug/deps/libbase64-aa23b026d75eba6d.rlib --extern cbc=/home/sixtocantolla/sessions/day-to-day/vaultwarden-contain-protected-child-processes/target/debug/deps/libcbc-244b2ff6a75c4f71.rlib --extern clap=/home/sixtocantolla/sessions/day-to-day/vaultwarden-contain-protected-child-processes/target/debug/deps/libclap-5715579ffa557b5e.rlib --extern criterion=/home/sixtocantolla/sessions/day-to-day/vaultwarden-contain-protected-child-processes/target/debug/deps/libcriterion-4b9660c4d2135b5f.rlib --extern dbus=/home/sixtocantolla/sessions/day-to-day/vaultwarden-contain-protected-child-processes/target/debug/deps/libdbus-b088074be763c01b.rlib --extern dbus_secret_service_keyring_store=/home/sixtocantolla/sessions/day-to-day/vaultwarden-contain-protected-child-processes/target/debug/deps/libdbus_secret_service_keyring_store-038cae1af6927045.rlib --extern directories=/home/sixtocantolla/sessions/day-to-day/vaultwarden-contain-protected-child-processes/target/debug/deps/libdirectories-a33391ecde097d6b.rlib --extern ed25519_dalek=/home/sixtocantolla/sessions/day-to-day/vaultwarden-contain-protected-child-processes/target/debug/deps/libed25519_dalek-33994956d41b844e.rlib --extern fs4=/home/sixtocantolla/sessions/day-to-day/vaultwarden-contain-protected-child-processes/target/debug/deps/libfs4-946ed1ee9093732a.rlib --extern getrandom=/home/sixtocantolla/sessions/day-to-day/vaultwarden-contain-protected-child-processes/target/debug/deps/libgetrandom-79d44dc8dcc3050c.rlib --extern hkdf=/home/sixtocantolla/sessions/day-to-day/vaultwarden-contain-protected-child-processes/target/debug/deps/libhkdf-dcba14d8451a02d7.rlib --extern hmac=/home/sixtocantolla/sessions/day-to-day/vaultwarden-contain-protected-child-processes/target/debug/deps/libhmac-a39fe01d6140acd2.rlib --extern keyring_core=/home/sixtocantolla/sessions/day-to-day/vaultwarden-contain-protected-child-processes/target/debug/deps/libkeyring_core-8b5421913db6ab5b.rlib --extern libc=/home/sixtocantolla/sessions/day-to-day/vaultwarden-contain-protected-child-processes/target/debug/deps/liblibc-977f0284d0fd530a.rlib --extern pbkdf2=/home/sixtocantolla/sessions/day-to-day/vaultwarden-contain-protected-child-processes/target/debug/deps/libpbkdf2-2592cefa3220a94a.rlib --extern predicates=/home/sixtocantolla/sessions/day-to-day/vaultwarden-contain-protected-child-processes/target/debug/deps/libpredicates-15036309cb92c251.rlib --extern rand=/home/sixtocantolla/sessions/day-to-day/vaultwarden-contain-protected-child-processes/target/debug/deps/librand-7360042e2e990b53.rlib --extern rand_core=/home/sixtocantolla/sessions/day-to-day/vaultwarden-contain-protected-child-processes/target/debug/deps/librand_core-ffd3a88f2751d968.rlib --extern regex=/home/sixtocantolla/sessions/day-to-day/vaultwarden-contain-protected-child-processes/target/debug/deps/libregex-684aa2a70005b5f3.rlib --extern reqwest=/home/sixtocantolla/sessions/day-to-day/vaultwarden-contain-protected-child-processes/target/debug/deps/libreqwest-0920b5cbb25e01b3.rlib --extern rpassword=/home/sixtocantolla/sessions/day-to-day/vaultwarden-contain-protected-child-processes/target/debug/deps/librpassword-967534cacf19c127.rlib --extern rsa=/home/sixtocantolla/sessions/day-to-day/vaultwarden-contain-protected-child-processes/target/debug/deps/librsa-488ee14504cf7a56.rlib --extern rstest=/home/sixtocantolla/sessions/day-to-day/vaultwarden-contain-protected-child-processes/target/debug/deps/librstest-607776e2323b0d15.rlib --extern rustls=/home/sixtocantolla/sessions/day-to-day/vaultwarden-contain-protected-child-processes/target/debug/deps/librustls-ff83b9db8137f4c6.rlib --extern serde=/home/sixtocantolla/sessions/day-to-day/vaultwarden-contain-protected-child-processes/target/debug/deps/libserde-80fde8023384323e.rlib --extern serde_json=/home/sixtocantolla/sessions/day-to-day/vaultwarden-contain-protected-child-processes/target/debug/deps/libserde_json-393d8b98de9f4aa7.rlib --extern sha1=/home/sixtocantolla/sessions/day-to-day/vaultwarden-contain-protected-child-processes/target/debug/deps/libsha1-77af1eca7b7597d3.rlib --extern sha2=/home/sixtocantolla/sessions/day-to-day/vaultwarden-contain-protected-child-processes/target/debug/deps/libsha2-c98506ab3375b936.rlib --extern tempfile=/home/sixtocantolla/sessions/day-to-day/vaultwarden-contain-protected-child-processes/target/debug/deps/libtempfile-c06742e9b2bf5323.rlib --extern thiserror=/home/sixtocantolla/sessions/day-to-day/vaultwarden-contain-protected-child-processes/target/debug/deps/libthiserror-0e8d22adff41defb.rlib --extern tokio=/home/sixtocantolla/sessions/day-to-day/vaultwarden-contain-protected-child-processes/target/debug/deps/libtokio-049ab909b3fd5cd4.rlib --extern tokio_test=/home/sixtocantolla/sessions/day-to-day/vaultwarden-contain-protected-child-processes/target/debug/deps/libtokio_test-cc3d5a1398d33181.rlib --extern vaultwarden_cli=/home/sixtocantolla/sessions/day-to-day/vaultwarden-contain-protected-child-processes/target/debug/deps/libvaultwarden_cli-65f2d5d9b71402a8.rlib --extern wiremock=/home/sixtocantolla/sessions/day-to-day/vaultwarden-contain-protected-child-processes/target/debug/deps/libwiremock-fbb69ed54141ae79.rlib --extern zeroize=/home/sixtocantolla/sessions/day-to-day/vaultwarden-contain-protected-child-processes/target/debug/deps/libzeroize-19a098a0413dc6e2.rlib -L native=/home/sixtocantolla/sessions/day-to-day/vaultwarden-contain-protected-child-processes/target/debug/build/alloca-6d6825ee6b34ecdd/out -L native=/home/sixtocantolla/sessions/day-to-day/vaultwarden-contain-protected-child-processes/target/debug/build/libdbus-sys-0af6c718bf113e4f/out -L native=/home/sixtocantolla/sessions/day-to-day/vaultwarden-contain-protected-child-processes/target/debug/build/libdbus-sys-0af6c718bf113e4f/out -L native=/home/sixtocantolla/sessions/day-to-day/vaultwarden-contain-protected-child-processes/target/debug/build/ring-28d6e2fe0e34427f/out`
     Running `/home/sixtocantolla/.rustup/toolchains/stable-x86_64-unknown-linux-gnu/bin/rustc --crate-name api_client --edition=2024 tests/api_client.rs --error-format=json --json=diagnostic-rendered-ansi,artifacts,future-incompat --emit=dep-info,link -C embed-bitcode=no -C debuginfo=line-tables-only '--deny=clippy::unused_result_ok' '--deny=clippy::unreachable' '--deny=clippy::unimplemented' --warn=unexpected_cfgs '--deny=clippy::todo' '--deny=clippy::map_err_ignore' '--deny=clippy::let_underscore_must_use' '--deny=clippy::get_unwrap' '--deny=clippy::dbg_macro' --check-cfg 'cfg(tarpaulin)' --test --check-cfg 'cfg(docsrs,test)' --check-cfg 'cfg(feature, values())' -C metadata=6e84404223bec75e -C extra-filename=-df07a9d59f5ae147 --out-dir /home/sixtocantolla/sessions/day-to-day/vaultwarden-contain-protected-child-processes/target/debug/deps -C incremental=/home/sixtocantolla/sessions/day-to-day/vaultwarden-contain-protected-child-processes/target/debug/incremental -L dependency=/home/sixtocantolla/sessions/day-to-day/vaultwarden-contain-protected-child-processes/target/debug/deps --extern aes=/home/sixtocantolla/sessions/day-to-day/vaultwarden-contain-protected-child-processes/target/debug/deps/libaes-d15c80f76e758342.rlib --extern anyhow=/home/sixtocantolla/sessions/day-to-day/vaultwarden-contain-protected-child-processes/target/debug/deps/libanyhow-dff7756bfcd0c831.rlib --extern assert_cmd=/home/sixtocantolla/sessions/day-to-day/vaultwarden-contain-protected-child-processes/target/debug/deps/libassert_cmd-fc4b8524aa9695f5.rlib --extern base64=/home/sixtocantolla/sessions/day-to-day/vaultwarden-contain-protected-child-processes/target/debug/deps/libbase64-aa23b026d75eba6d.rlib --extern cbc=/home/sixtocantolla/sessions/day-to-day/vaultwarden-contain-protected-child-processes/target/debug/deps/libcbc-244b2ff6a75c4f71.rlib --extern clap=/home/sixtocantolla/sessions/day-to-day/vaultwarden-contain-protected-child-processes/target/debug/deps/libclap-5715579ffa557b5e.rlib --extern criterion=/home/sixtocantolla/sessions/day-to-day/vaultwarden-contain-protected-child-processes/target/debug/deps/libcriterion-4b9660c4d2135b5f.rlib --extern dbus=/home/sixtocantolla/sessions/day-to-day/vaultwarden-contain-protected-child-processes/target/debug/deps/libdbus-b088074be763c01b.rlib --extern dbus_secret_service_keyring_store=/home/sixtocantolla/sessions/day-to-day/vaultwarden-contain-protected-child-processes/target/debug/deps/libdbus_secret_service_keyring_store-038cae1af6927045.rlib --extern directories=/home/sixtocantolla/sessions/day-to-day/vaultwarden-contain-protected-child-processes/target/debug/deps/libdirectories-a33391ecde097d6b.rlib --extern ed25519_dalek=/home/sixtocantolla/sessions/day-to-day/vaultwarden-contain-protected-child-processes/target/debug/deps/libed25519_dalek-33994956d41b844e.rlib --extern fs4=/home/sixtocantolla/sessions/day-to-day/vaultwarden-contain-protected-child-processes/target/debug/deps/libfs4-946ed1ee9093732a.rlib --extern getrandom=/home/sixtocantolla/sessions/day-to-day/vaultwarden-contain-protected-child-processes/target/debug/deps/libgetrandom-79d44dc8dcc3050c.rlib --extern hkdf=/home/sixtocantolla/sessions/day-to-day/vaultwarden-contain-protected-child-processes/target/debug/deps/libhkdf-dcba14d8451a02d7.rlib --extern hmac=/home/sixtocantolla/sessions/day-to-day/vaultwarden-contain-protected-child-processes/target/debug/deps/libhmac-a39fe01d6140acd2.rlib --extern keyring_core=/home/sixtocantolla/sessions/day-to-day/vaultwarden-contain-protected-child-processes/target/debug/deps/libkeyring_core-8b5421913db6ab5b.rlib --extern libc=/home/sixtocantolla/sessions/day-to-day/vaultwarden-contain-protected-child-processes/target/debug/deps/liblibc-977f0284d0fd530a.rlib --extern pbkdf2=/home/sixtocantolla/sessions/day-to-day/vaultwarden-contain-protected-child-processes/target/debug/deps/libpbkdf2-2592cefa3220a94a.rlib --extern predicates=/home/sixtocantolla/sessions/day-to-day/vaultwarden-contain-protected-child-processes/target/debug/deps/libpredicates-15036309cb92c251.rlib --extern rand=/home/sixtocantolla/sessions/day-to-day/vaultwarden-contain-protected-child-processes/target/debug/deps/librand-7360042e2e990b53.rlib --extern rand_core=/home/sixtocantolla/sessions/day-to-day/vaultwarden-contain-protected-child-processes/target/debug/deps/librand_core-ffd3a88f2751d968.rlib --extern regex=/home/sixtocantolla/sessions/day-to-day/vaultwarden-contain-protected-child-processes/target/debug/deps/libregex-684aa2a70005b5f3.rlib --extern reqwest=/home/sixtocantolla/sessions/day-to-day/vaultwarden-contain-protected-child-processes/target/debug/deps/libreqwest-0920b5cbb25e01b3.rlib --extern rpassword=/home/sixtocantolla/sessions/day-to-day/vaultwarden-contain-protected-child-processes/target/debug/deps/librpassword-967534cacf19c127.rlib --extern rsa=/home/sixtocantolla/sessions/day-to-day/vaultwarden-contain-protected-child-processes/target/debug/deps/librsa-488ee14504cf7a56.rlib --extern rstest=/home/sixtocantolla/sessions/day-to-day/vaultwarden-contain-protected-child-processes/target/debug/deps/librstest-607776e2323b0d15.rlib --extern rustls=/home/sixtocantolla/sessions/day-to-day/vaultwarden-contain-protected-child-processes/target/debug/deps/librustls-ff83b9db8137f4c6.rlib --extern serde=/home/sixtocantolla/sessions/day-to-day/vaultwarden-contain-protected-child-processes/target/debug/deps/libserde-80fde8023384323e.rlib --extern serde_json=/home/sixtocantolla/sessions/day-to-day/vaultwarden-contain-protected-child-processes/target/debug/deps/libserde_json-393d8b98de9f4aa7.rlib --extern sha1=/home/sixtocantolla/sessions/day-to-day/vaultwarden-contain-protected-child-processes/target/debug/deps/libsha1-77af1eca7b7597d3.rlib --extern sha2=/home/sixtocantolla/sessions/day-to-day/vaultwarden-contain-protected-child-processes/target/debug/deps/libsha2-c98506ab3375b936.rlib --extern tempfile=/home/sixtocantolla/sessions/day-to-day/vaultwarden-contain-protected-child-processes/target/debug/deps/libtempfile-c06742e9b2bf5323.rlib --extern thiserror=/home/sixtocantolla/sessions/day-to-day/vaultwarden-contain-protected-child-processes/target/debug/deps/libthiserror-0e8d22adff41defb.rlib --extern tokio=/home/sixtocantolla/sessions/day-to-day/vaultwarden-contain-protected-child-processes/target/debug/deps/libtokio-049ab909b3fd5cd4.rlib --extern tokio_test=/home/sixtocantolla/sessions/day-to-day/vaultwarden-contain-protected-child-processes/target/debug/deps/libtokio_test-cc3d5a1398d33181.rlib --extern vaultwarden_cli=/home/sixtocantolla/sessions/day-to-day/vaultwarden-contain-protected-child-processes/target/debug/deps/libvaultwarden_cli-65f2d5d9b71402a8.rlib --extern wiremock=/home/sixtocantolla/sessions/day-to-day/vaultwarden-contain-protected-child-processes/target/debug/deps/libwiremock-fbb69ed54141ae79.rlib --extern zeroize=/home/sixtocantolla/sessions/day-to-day/vaultwarden-contain-protected-child-processes/target/debug/deps/libzeroize-19a098a0413dc6e2.rlib -L native=/home/sixtocantolla/sessions/day-to-day/vaultwarden-contain-protected-child-processes/target/debug/build/alloca-6d6825ee6b34ecdd/out -L native=/home/sixtocantolla/sessions/day-to-day/vaultwarden-contain-protected-child-processes/target/debug/build/libdbus-sys-0af6c718bf113e4f/out -L native=/home/sixtocantolla/sessions/day-to-day/vaultwarden-contain-protected-child-processes/target/debug/build/libdbus-sys-0af6c718bf113e4f/out -L native=/home/sixtocantolla/sessions/day-to-day/vaultwarden-contain-protected-child-processes/target/debug/build/ring-28d6e2fe0e34427f/out`
     Running `/home/sixtocantolla/.rustup/toolchains/stable-x86_64-unknown-linux-gnu/bin/rustc --crate-name unsupported_provider_platform --edition=2024 tests/unsupported_provider_platform.rs --error-format=json --json=diagnostic-rendered-ansi,artifacts,future-incompat --emit=dep-info,link -C embed-bitcode=no -C debuginfo=line-tables-only '--deny=clippy::unused_result_ok' '--deny=clippy::unreachable' '--deny=clippy::unimplemented' --warn=unexpected_cfgs '--deny=clippy::todo' '--deny=clippy::map_err_ignore' '--deny=clippy::let_underscore_must_use' '--deny=clippy::get_unwrap' '--deny=clippy::dbg_macro' --check-cfg 'cfg(tarpaulin)' --test --check-cfg 'cfg(docsrs,test)' --check-cfg 'cfg(feature, values())' -C metadata=780679407952e11a -C extra-filename=-a6e859e4efcddfc3 --out-dir /home/sixtocantolla/sessions/day-to-day/vaultwarden-contain-protected-child-processes/target/debug/deps -C incremental=/home/sixtocantolla/sessions/day-to-day/vaultwarden-contain-protected-child-processes/target/debug/incremental -L dependency=/home/sixtocantolla/sessions/day-to-day/vaultwarden-contain-protected-child-processes/target/debug/deps --extern aes=/home/sixtocantolla/sessions/day-to-day/vaultwarden-contain-protected-child-processes/target/debug/deps/libaes-d15c80f76e758342.rlib --extern anyhow=/home/sixtocantolla/sessions/day-to-day/vaultwarden-contain-protected-child-processes/target/debug/deps/libanyhow-dff7756bfcd0c831.rlib --extern assert_cmd=/home/sixtocantolla/sessions/day-to-day/vaultwarden-contain-protected-child-processes/target/debug/deps/libassert_cmd-fc4b8524aa9695f5.rlib --extern base64=/home/sixtocantolla/sessions/day-to-day/vaultwarden-contain-protected-child-processes/target/debug/deps/libbase64-aa23b026d75eba6d.rlib --extern cbc=/home/sixtocantolla/sessions/day-to-day/vaultwarden-contain-protected-child-processes/target/debug/deps/libcbc-244b2ff6a75c4f71.rlib --extern clap=/home/sixtocantolla/sessions/day-to-day/vaultwarden-contain-protected-child-processes/target/debug/deps/libclap-5715579ffa557b5e.rlib --extern criterion=/home/sixtocantolla/sessions/day-to-day/vaultwarden-contain-protected-child-processes/target/debug/deps/libcriterion-4b9660c4d2135b5f.rlib --extern dbus=/home/sixtocantolla/sessions/day-to-day/vaultwarden-contain-protected-child-processes/target/debug/deps/libdbus-b088074be763c01b.rlib --extern dbus_secret_service_keyring_store=/home/sixtocantolla/sessions/day-to-day/vaultwarden-contain-protected-child-processes/target/debug/deps/libdbus_secret_service_keyring_store-038cae1af6927045.rlib --extern directories=/home/sixtocantolla/sessions/day-to-day/vaultwarden-contain-protected-child-processes/target/debug/deps/libdirectories-a33391ecde097d6b.rlib --extern ed25519_dalek=/home/sixtocantolla/sessions/day-to-day/vaultwarden-contain-protected-child-processes/target/debug/deps/libed25519_dalek-33994956d41b844e.rlib --extern fs4=/home/sixtocantolla/sessions/day-to-day/vaultwarden-contain-protected-child-processes/target/debug/deps/libfs4-946ed1ee9093732a.rlib --extern getrandom=/home/sixtocantolla/sessions/day-to-day/vaultwarden-contain-protected-child-processes/target/debug/deps/libgetrandom-79d44dc8dcc3050c.rlib --extern hkdf=/home/sixtocantolla/sessions/day-to-day/vaultwarden-contain-protected-child-processes/target/debug/deps/libhkdf-dcba14d8451a02d7.rlib --extern hmac=/home/sixtocantolla/sessions/day-to-day/vaultwarden-contain-protected-child-processes/target/debug/deps/libhmac-a39fe01d6140acd2.rlib --extern keyring_core=/home/sixtocantolla/sessions/day-to-day/vaultwarden-contain-protected-child-processes/target/debug/deps/libkeyring_core-8b5421913db6ab5b.rlib --extern libc=/home/sixtocantolla/sessions/day-to-day/vaultwarden-contain-protected-child-processes/target/debug/deps/liblibc-977f0284d0fd530a.rlib --extern pbkdf2=/home/sixtocantolla/sessions/day-to-day/vaultwarden-contain-protected-child-processes/target/debug/deps/libpbkdf2-2592cefa3220a94a.rlib --extern predicates=/home/sixtocantolla/sessions/day-to-day/vaultwarden-contain-protected-child-processes/target/debug/deps/libpredicates-15036309cb92c251.rlib --extern rand=/home/sixtocantolla/sessions/day-to-day/vaultwarden-contain-protected-child-processes/target/debug/deps/librand-7360042e2e990b53.rlib --extern rand_core=/home/sixtocantolla/sessions/day-to-day/vaultwarden-contain-protected-child-processes/target/debug/deps/librand_core-ffd3a88f2751d968.rlib --extern regex=/home/sixtocantolla/sessions/day-to-day/vaultwarden-contain-protected-child-processes/target/debug/deps/libregex-684aa2a70005b5f3.rlib --extern reqwest=/home/sixtocantolla/sessions/day-to-day/vaultwarden-contain-protected-child-processes/target/debug/deps/libreqwest-0920b5cbb25e01b3.rlib --extern rpassword=/home/sixtocantolla/sessions/day-to-day/vaultwarden-contain-protected-child-processes/target/debug/deps/librpassword-967534cacf19c127.rlib --extern rsa=/home/sixtocantolla/sessions/day-to-day/vaultwarden-contain-protected-child-processes/target/debug/deps/librsa-488ee14504cf7a56.rlib --extern rstest=/home/sixtocantolla/sessions/day-to-day/vaultwarden-contain-protected-child-processes/target/debug/deps/librstest-607776e2323b0d15.rlib --extern rustls=/home/sixtocantolla/sessions/day-to-day/vaultwarden-contain-protected-child-processes/target/debug/deps/librustls-ff83b9db8137f4c6.rlib --extern serde=/home/sixtocantolla/sessions/day-to-day/vaultwarden-contain-protected-child-processes/target/debug/deps/libserde-80fde8023384323e.rlib --extern serde_json=/home/sixtocantolla/sessions/day-to-day/vaultwarden-contain-protected-child-processes/target/debug/deps/libserde_json-393d8b98de9f4aa7.rlib --extern sha1=/home/sixtocantolla/sessions/day-to-day/vaultwarden-contain-protected-child-processes/target/debug/deps/libsha1-77af1eca7b7597d3.rlib --extern sha2=/home/sixtocantolla/sessions/day-to-day/vaultwarden-contain-protected-child-processes/target/debug/deps/libsha2-c98506ab3375b936.rlib --extern tempfile=/home/sixtocantolla/sessions/day-to-day/vaultwarden-contain-protected-child-processes/target/debug/deps/libtempfile-c06742e9b2bf5323.rlib --extern thiserror=/home/sixtocantolla/sessions/day-to-day/vaultwarden-contain-protected-child-processes/target/debug/deps/libthiserror-0e8d22adff41defb.rlib --extern tokio=/home/sixtocantolla/sessions/day-to-day/vaultwarden-contain-protected-child-processes/target/debug/deps/libtokio-049ab909b3fd5cd4.rlib --extern tokio_test=/home/sixtocantolla/sessions/day-to-day/vaultwarden-contain-protected-child-processes/target/debug/deps/libtokio_test-cc3d5a1398d33181.rlib --extern vaultwarden_cli=/home/sixtocantolla/sessions/day-to-day/vaultwarden-contain-protected-child-processes/target/debug/deps/libvaultwarden_cli-65f2d5d9b71402a8.rlib --extern wiremock=/home/sixtocantolla/sessions/day-to-day/vaultwarden-contain-protected-child-processes/target/debug/deps/libwiremock-fbb69ed54141ae79.rlib --extern zeroize=/home/sixtocantolla/sessions/day-to-day/vaultwarden-contain-protected-child-processes/target/debug/deps/libzeroize-19a098a0413dc6e2.rlib -L native=/home/sixtocantolla/sessions/day-to-day/vaultwarden-contain-protected-child-processes/target/debug/build/alloca-6d6825ee6b34ecdd/out -L native=/home/sixtocantolla/sessions/day-to-day/vaultwarden-contain-protected-child-processes/target/debug/build/libdbus-sys-0af6c718bf113e4f/out -L native=/home/sixtocantolla/sessions/day-to-day/vaultwarden-contain-protected-child-processes/target/debug/build/libdbus-sys-0af6c718bf113e4f/out -L native=/home/sixtocantolla/sessions/day-to-day/vaultwarden-contain-protected-child-processes/target/debug/build/ring-28d6e2fe0e34427f/out`
     Running `/home/sixtocantolla/.rustup/toolchains/stable-x86_64-unknown-linux-gnu/bin/rustc --crate-name live_tests --edition=2024 tests/live_tests.rs --error-format=json --json=diagnostic-rendered-ansi,artifacts,future-incompat --emit=dep-info,link -C embed-bitcode=no -C debuginfo=line-tables-only '--deny=clippy::unused_result_ok' '--deny=clippy::unreachable' '--deny=clippy::unimplemented' --warn=unexpected_cfgs '--deny=clippy::todo' '--deny=clippy::map_err_ignore' '--deny=clippy::let_underscore_must_use' '--deny=clippy::get_unwrap' '--deny=clippy::dbg_macro' --check-cfg 'cfg(tarpaulin)' --test --check-cfg 'cfg(docsrs,test)' --check-cfg 'cfg(feature, values())' -C metadata=ab82246500a0434d -C extra-filename=-2b8522b1d9e7604c --out-dir /home/sixtocantolla/sessions/day-to-day/vaultwarden-contain-protected-child-processes/target/debug/deps -C incremental=/home/sixtocantolla/sessions/day-to-day/vaultwarden-contain-protected-child-processes/target/debug/incremental -L dependency=/home/sixtocantolla/sessions/day-to-day/vaultwarden-contain-protected-child-processes/target/debug/deps --extern aes=/home/sixtocantolla/sessions/day-to-day/vaultwarden-contain-protected-child-processes/target/debug/deps/libaes-d15c80f76e758342.rlib --extern anyhow=/home/sixtocantolla/sessions/day-to-day/vaultwarden-contain-protected-child-processes/target/debug/deps/libanyhow-dff7756bfcd0c831.rlib --extern assert_cmd=/home/sixtocantolla/sessions/day-to-day/vaultwarden-contain-protected-child-processes/target/debug/deps/libassert_cmd-fc4b8524aa9695f5.rlib --extern base64=/home/sixtocantolla/sessions/day-to-day/vaultwarden-contain-protected-child-processes/target/debug/deps/libbase64-aa23b026d75eba6d.rlib --extern cbc=/home/sixtocantolla/sessions/day-to-day/vaultwarden-contain-protected-child-processes/target/debug/deps/libcbc-244b2ff6a75c4f71.rlib --extern clap=/home/sixtocantolla/sessions/day-to-day/vaultwarden-contain-protected-child-processes/target/debug/deps/libclap-5715579ffa557b5e.rlib --extern criterion=/home/sixtocantolla/sessions/day-to-day/vaultwarden-contain-protected-child-processes/target/debug/deps/libcriterion-4b9660c4d2135b5f.rlib --extern dbus=/home/sixtocantolla/sessions/day-to-day/vaultwarden-contain-protected-child-processes/target/debug/deps/libdbus-b088074be763c01b.rlib --extern dbus_secret_service_keyring_store=/home/sixtocantolla/sessions/day-to-day/vaultwarden-contain-protected-child-processes/target/debug/deps/libdbus_secret_service_keyring_store-038cae1af6927045.rlib --extern directories=/home/sixtocantolla/sessions/day-to-day/vaultwarden-contain-protected-child-processes/target/debug/deps/libdirectories-a33391ecde097d6b.rlib --extern ed25519_dalek=/home/sixtocantolla/sessions/day-to-day/vaultwarden-contain-protected-child-processes/target/debug/deps/libed25519_dalek-33994956d41b844e.rlib --extern fs4=/home/sixtocantolla/sessions/day-to-day/vaultwarden-contain-protected-child-processes/target/debug/deps/libfs4-946ed1ee9093732a.rlib --extern getrandom=/home/sixtocantolla/sessions/day-to-day/vaultwarden-contain-protected-child-processes/target/debug/deps/libgetrandom-79d44dc8dcc3050c.rlib --extern hkdf=/home/sixtocantolla/sessions/day-to-day/vaultwarden-contain-protected-child-processes/target/debug/deps/libhkdf-dcba14d8451a02d7.rlib --extern hmac=/home/sixtocantolla/sessions/day-to-day/vaultwarden-contain-protected-child-processes/target/debug/deps/libhmac-a39fe01d6140acd2.rlib --extern keyring_core=/home/sixtocantolla/sessions/day-to-day/vaultwarden-contain-protected-child-processes/target/debug/deps/libkeyring_core-8b5421913db6ab5b.rlib --extern libc=/home/sixtocantolla/sessions/day-to-day/vaultwarden-contain-protected-child-processes/target/debug/deps/liblibc-977f0284d0fd530a.rlib --extern pbkdf2=/home/sixtocantolla/sessions/day-to-day/vaultwarden-contain-protected-child-processes/target/debug/deps/libpbkdf2-2592cefa3220a94a.rlib --extern predicates=/home/sixtocantolla/sessions/day-to-day/vaultwarden-contain-protected-child-processes/target/debug/deps/libpredicates-15036309cb92c251.rlib --extern rand=/home/sixtocantolla/sessions/day-to-day/vaultwarden-contain-protected-child-processes/target/debug/deps/librand-7360042e2e990b53.rlib --extern rand_core=/home/sixtocantolla/sessions/day-to-day/vaultwarden-contain-protected-child-processes/target/debug/deps/librand_core-ffd3a88f2751d968.rlib --extern regex=/home/sixtocantolla/sessions/day-to-day/vaultwarden-contain-protected-child-processes/target/debug/deps/libregex-684aa2a70005b5f3.rlib --extern reqwest=/home/sixtocantolla/sessions/day-to-day/vaultwarden-contain-protected-child-processes/target/debug/deps/libreqwest-0920b5cbb25e01b3.rlib --extern rpassword=/home/sixtocantolla/sessions/day-to-day/vaultwarden-contain-protected-child-processes/target/debug/deps/librpassword-967534cacf19c127.rlib --extern rsa=/home/sixtocantolla/sessions/day-to-day/vaultwarden-contain-protected-child-processes/target/debug/deps/librsa-488ee14504cf7a56.rlib --extern rstest=/home/sixtocantolla/sessions/day-to-day/vaultwarden-contain-protected-child-processes/target/debug/deps/librstest-607776e2323b0d15.rlib --extern rustls=/home/sixtocantolla/sessions/day-to-day/vaultwarden-contain-protected-child-processes/target/debug/deps/librustls-ff83b9db8137f4c6.rlib --extern serde=/home/sixtocantolla/sessions/day-to-day/vaultwarden-contain-protected-child-processes/target/debug/deps/libserde-80fde8023384323e.rlib --extern serde_json=/home/sixtocantolla/sessions/day-to-day/vaultwarden-contain-protected-child-processes/target/debug/deps/libserde_json-393d8b98de9f4aa7.rlib --extern sha1=/home/sixtocantolla/sessions/day-to-day/vaultwarden-contain-protected-child-processes/target/debug/deps/libsha1-77af1eca7b7597d3.rlib --extern sha2=/home/sixtocantolla/sessions/day-to-day/vaultwarden-contain-protected-child-processes/target/debug/deps/libsha2-c98506ab3375b936.rlib --extern tempfile=/home/sixtocantolla/sessions/day-to-day/vaultwarden-contain-protected-child-processes/target/debug/deps/libtempfile-c06742e9b2bf5323.rlib --extern thiserror=/home/sixtocantolla/sessions/day-to-day/vaultwarden-contain-protected-child-processes/target/debug/deps/libthiserror-0e8d22adff41defb.rlib --extern tokio=/home/sixtocantolla/sessions/day-to-day/vaultwarden-contain-protected-child-processes/target/debug/deps/libtokio-049ab909b3fd5cd4.rlib --extern tokio_test=/home/sixtocantolla/sessions/day-to-day/vaultwarden-contain-protected-child-processes/target/debug/deps/libtokio_test-cc3d5a1398d33181.rlib --extern vaultwarden_cli=/home/sixtocantolla/sessions/day-to-day/vaultwarden-contain-protected-child-processes/target/debug/deps/libvaultwarden_cli-65f2d5d9b71402a8.rlib --extern wiremock=/home/sixtocantolla/sessions/day-to-day/vaultwarden-contain-protected-child-processes/target/debug/deps/libwiremock-fbb69ed54141ae79.rlib --extern zeroize=/home/sixtocantolla/sessions/day-to-day/vaultwarden-contain-protected-child-processes/target/debug/deps/libzeroize-19a098a0413dc6e2.rlib -L native=/home/sixtocantolla/sessions/day-to-day/vaultwarden-contain-protected-child-processes/target/debug/build/alloca-6d6825ee6b34ecdd/out -L native=/home/sixtocantolla/sessions/day-to-day/vaultwarden-contain-protected-child-processes/target/debug/build/libdbus-sys-0af6c718bf113e4f/out -L native=/home/sixtocantolla/sessions/day-to-day/vaultwarden-contain-protected-child-processes/target/debug/build/libdbus-sys-0af6c718bf113e4f/out -L native=/home/sixtocantolla/sessions/day-to-day/vaultwarden-contain-protected-child-processes/target/debug/build/ring-28d6e2fe0e34427f/out`
     Running `/home/sixtocantolla/.rustup/toolchains/stable-x86_64-unknown-linux-gnu/bin/rustc --crate-name config_edge --edition=2024 tests/config_edge.rs --error-format=json --json=diagnostic-rendered-ansi,artifacts,future-incompat --emit=dep-info,link -C embed-bitcode=no -C debuginfo=line-tables-only '--deny=clippy::unused_result_ok' '--deny=clippy::unreachable' '--deny=clippy::unimplemented' --warn=unexpected_cfgs '--deny=clippy::todo' '--deny=clippy::map_err_ignore' '--deny=clippy::let_underscore_must_use' '--deny=clippy::get_unwrap' '--deny=clippy::dbg_macro' --check-cfg 'cfg(tarpaulin)' --test --check-cfg 'cfg(docsrs,test)' --check-cfg 'cfg(feature, values())' -C metadata=fd960adc6cda8dd0 -C extra-filename=-8610f185e9394813 --out-dir /home/sixtocantolla/sessions/day-to-day/vaultwarden-contain-protected-child-processes/target/debug/deps -C incremental=/home/sixtocantolla/sessions/day-to-day/vaultwarden-contain-protected-child-processes/target/debug/incremental -L dependency=/home/sixtocantolla/sessions/day-to-day/vaultwarden-contain-protected-child-processes/target/debug/deps --extern aes=/home/sixtocantolla/sessions/day-to-day/vaultwarden-contain-protected-child-processes/target/debug/deps/libaes-d15c80f76e758342.rlib --extern anyhow=/home/sixtocantolla/sessions/day-to-day/vaultwarden-contain-protected-child-processes/target/debug/deps/libanyhow-dff7756bfcd0c831.rlib --extern assert_cmd=/home/sixtocantolla/sessions/day-to-day/vaultwarden-contain-protected-child-processes/target/debug/deps/libassert_cmd-fc4b8524aa9695f5.rlib --extern base64=/home/sixtocantolla/sessions/day-to-day/vaultwarden-contain-protected-child-processes/target/debug/deps/libbase64-aa23b026d75eba6d.rlib --extern cbc=/home/sixtocantolla/sessions/day-to-day/vaultwarden-contain-protected-child-processes/target/debug/deps/libcbc-244b2ff6a75c4f71.rlib --extern clap=/home/sixtocantolla/sessions/day-to-day/vaultwarden-contain-protected-child-processes/target/debug/deps/libclap-5715579ffa557b5e.rlib --extern criterion=/home/sixtocantolla/sessions/day-to-day/vaultwarden-contain-protected-child-processes/target/debug/deps/libcriterion-4b9660c4d2135b5f.rlib --extern dbus=/home/sixtocantolla/sessions/day-to-day/vaultwarden-contain-protected-child-processes/target/debug/deps/libdbus-b088074be763c01b.rlib --extern dbus_secret_service_keyring_store=/home/sixtocantolla/sessions/day-to-day/vaultwarden-contain-protected-child-processes/target/debug/deps/libdbus_secret_service_keyring_store-038cae1af6927045.rlib --extern directories=/home/sixtocantolla/sessions/day-to-day/vaultwarden-contain-protected-child-processes/target/debug/deps/libdirectories-a33391ecde097d6b.rlib --extern ed25519_dalek=/home/sixtocantolla/sessions/day-to-day/vaultwarden-contain-protected-child-processes/target/debug/deps/libed25519_dalek-33994956d41b844e.rlib --extern fs4=/home/sixtocantolla/sessions/day-to-day/vaultwarden-contain-protected-child-processes/target/debug/deps/libfs4-946ed1ee9093732a.rlib --extern getrandom=/home/sixtocantolla/sessions/day-to-day/vaultwarden-contain-protected-child-processes/target/debug/deps/libgetrandom-79d44dc8dcc3050c.rlib --extern hkdf=/home/sixtocantolla/sessions/day-to-day/vaultwarden-contain-protected-child-processes/target/debug/deps/libhkdf-dcba14d8451a02d7.rlib --extern hmac=/home/sixtocantolla/sessions/day-to-day/vaultwarden-contain-protected-child-processes/target/debug/deps/libhmac-a39fe01d6140acd2.rlib --extern keyring_core=/home/sixtocantolla/sessions/day-to-day/vaultwarden-contain-protected-child-processes/target/debug/deps/libkeyring_core-8b5421913db6ab5b.rlib --extern libc=/home/sixtocantolla/sessions/day-to-day/vaultwarden-contain-protected-child-processes/target/debug/deps/liblibc-977f0284d0fd530a.rlib --extern pbkdf2=/home/sixtocantolla/sessions/day-to-day/vaultwarden-contain-protected-child-processes/target/debug/deps/libpbkdf2-2592cefa3220a94a.rlib --extern predicates=/home/sixtocantolla/sessions/day-to-day/vaultwarden-contain-protected-child-processes/target/debug/deps/libpredicates-15036309cb92c251.rlib --extern rand=/home/sixtocantolla/sessions/day-to-day/vaultwarden-contain-protected-child-processes/target/debug/deps/librand-7360042e2e990b53.rlib --extern rand_core=/home/sixtocantolla/sessions/day-to-day/vaultwarden-contain-protected-child-processes/target/debug/deps/librand_core-ffd3a88f2751d968.rlib --extern regex=/home/sixtocantolla/sessions/day-to-day/vaultwarden-contain-protected-child-processes/target/debug/deps/libregex-684aa2a70005b5f3.rlib --extern reqwest=/home/sixtocantolla/sessions/day-to-day/vaultwarden-contain-protected-child-processes/target/debug/deps/libreqwest-0920b5cbb25e01b3.rlib --extern rpassword=/home/sixtocantolla/sessions/day-to-day/vaultwarden-contain-protected-child-processes/target/debug/deps/librpassword-967534cacf19c127.rlib --extern rsa=/home/sixtocantolla/sessions/day-to-day/vaultwarden-contain-protected-child-processes/target/debug/deps/librsa-488ee14504cf7a56.rlib --extern rstest=/home/sixtocantolla/sessions/day-to-day/vaultwarden-contain-protected-child-processes/target/debug/deps/librstest-607776e2323b0d15.rlib --extern rustls=/home/sixtocantolla/sessions/day-to-day/vaultwarden-contain-protected-child-processes/target/debug/deps/librustls-ff83b9db8137f4c6.rlib --extern serde=/home/sixtocantolla/sessions/day-to-day/vaultwarden-contain-protected-child-processes/target/debug/deps/libserde-80fde8023384323e.rlib --extern serde_json=/home/sixtocantolla/sessions/day-to-day/vaultwarden-contain-protected-child-processes/target/debug/deps/libserde_json-393d8b98de9f4aa7.rlib --extern sha1=/home/sixtocantolla/sessions/day-to-day/vaultwarden-contain-protected-child-processes/target/debug/deps/libsha1-77af1eca7b7597d3.rlib --extern sha2=/home/sixtocantolla/sessions/day-to-day/vaultwarden-contain-protected-child-processes/target/debug/deps/libsha2-c98506ab3375b936.rlib --extern tempfile=/home/sixtocantolla/sessions/day-to-day/vaultwarden-contain-protected-child-processes/target/debug/deps/libtempfile-c06742e9b2bf5323.rlib --extern thiserror=/home/sixtocantolla/sessions/day-to-day/vaultwarden-contain-protected-child-processes/target/debug/deps/libthiserror-0e8d22adff41defb.rlib --extern tokio=/home/sixtocantolla/sessions/day-to-day/vaultwarden-contain-protected-child-processes/target/debug/deps/libtokio-049ab909b3fd5cd4.rlib --extern tokio_test=/home/sixtocantolla/sessions/day-to-day/vaultwarden-contain-protected-child-processes/target/debug/deps/libtokio_test-cc3d5a1398d33181.rlib --extern vaultwarden_cli=/home/sixtocantolla/sessions/day-to-day/vaultwarden-contain-protected-child-processes/target/debug/deps/libvaultwarden_cli-65f2d5d9b71402a8.rlib --extern wiremock=/home/sixtocantolla/sessions/day-to-day/vaultwarden-contain-protected-child-processes/target/debug/deps/libwiremock-fbb69ed54141ae79.rlib --extern zeroize=/home/sixtocantolla/sessions/day-to-day/vaultwarden-contain-protected-child-processes/target/debug/deps/libzeroize-19a098a0413dc6e2.rlib -L native=/home/sixtocantolla/sessions/day-to-day/vaultwarden-contain-protected-child-processes/target/debug/build/alloca-6d6825ee6b34ecdd/out -L native=/home/sixtocantolla/sessions/day-to-day/vaultwarden-contain-protected-child-processes/target/debug/build/libdbus-sys-0af6c718bf113e4f/out -L native=/home/sixtocantolla/sessions/day-to-day/vaultwarden-contain-protected-child-processes/target/debug/build/libdbus-sys-0af6c718bf113e4f/out -L native=/home/sixtocantolla/sessions/day-to-day/vaultwarden-contain-protected-child-processes/target/debug/build/ring-28d6e2fe0e34427f/out`
     Running `/home/sixtocantolla/.rustup/toolchains/stable-x86_64-unknown-linux-gnu/bin/rustc --crate-name cli --edition=2024 tests/cli.rs --error-format=json --json=diagnostic-rendered-ansi,artifacts,future-incompat --emit=dep-info,link -C embed-bitcode=no -C debuginfo=line-tables-only '--deny=clippy::unused_result_ok' '--deny=clippy::unreachable' '--deny=clippy::unimplemented' --warn=unexpected_cfgs '--deny=clippy::todo' '--deny=clippy::map_err_ignore' '--deny=clippy::let_underscore_must_use' '--deny=clippy::get_unwrap' '--deny=clippy::dbg_macro' --check-cfg 'cfg(tarpaulin)' --test --check-cfg 'cfg(docsrs,test)' --check-cfg 'cfg(feature, values())' -C metadata=f15ebc562aa37e0a -C extra-filename=-a8f8fd1fc521191c --out-dir /home/sixtocantolla/sessions/day-to-day/vaultwarden-contain-protected-child-processes/target/debug/deps -C incremental=/home/sixtocantolla/sessions/day-to-day/vaultwarden-contain-protected-child-processes/target/debug/incremental -L dependency=/home/sixtocantolla/sessions/day-to-day/vaultwarden-contain-protected-child-processes/target/debug/deps --extern aes=/home/sixtocantolla/sessions/day-to-day/vaultwarden-contain-protected-child-processes/target/debug/deps/libaes-d15c80f76e758342.rlib --extern anyhow=/home/sixtocantolla/sessions/day-to-day/vaultwarden-contain-protected-child-processes/target/debug/deps/libanyhow-dff7756bfcd0c831.rlib --extern assert_cmd=/home/sixtocantolla/sessions/day-to-day/vaultwarden-contain-protected-child-processes/target/debug/deps/libassert_cmd-fc4b8524aa9695f5.rlib --extern base64=/home/sixtocantolla/sessions/day-to-day/vaultwarden-contain-protected-child-processes/target/debug/deps/libbase64-aa23b026d75eba6d.rlib --extern cbc=/home/sixtocantolla/sessions/day-to-day/vaultwarden-contain-protected-child-processes/target/debug/deps/libcbc-244b2ff6a75c4f71.rlib --extern clap=/home/sixtocantolla/sessions/day-to-day/vaultwarden-contain-protected-child-processes/target/debug/deps/libclap-5715579ffa557b5e.rlib --extern criterion=/home/sixtocantolla/sessions/day-to-day/vaultwarden-contain-protected-child-processes/target/debug/deps/libcriterion-4b9660c4d2135b5f.rlib --extern dbus=/home/sixtocantolla/sessions/day-to-day/vaultwarden-contain-protected-child-processes/target/debug/deps/libdbus-b088074be763c01b.rlib --extern dbus_secret_service_keyring_store=/home/sixtocantolla/sessions/day-to-day/vaultwarden-contain-protected-child-processes/target/debug/deps/libdbus_secret_service_keyring_store-038cae1af6927045.rlib --extern directories=/home/sixtocantolla/sessions/day-to-day/vaultwarden-contain-protected-child-processes/target/debug/deps/libdirectories-a33391ecde097d6b.rlib --extern ed25519_dalek=/home/sixtocantolla/sessions/day-to-day/vaultwarden-contain-protected-child-processes/target/debug/deps/libed25519_dalek-33994956d41b844e.rlib --extern fs4=/home/sixtocantolla/sessions/day-to-day/vaultwarden-contain-protected-child-processes/target/debug/deps/libfs4-946ed1ee9093732a.rlib --extern getrandom=/home/sixtocantolla/sessions/day-to-day/vaultwarden-contain-protected-child-processes/target/debug/deps/libgetrandom-79d44dc8dcc3050c.rlib --extern hkdf=/home/sixtocantolla/sessions/day-to-day/vaultwarden-contain-protected-child-processes/target/debug/deps/libhkdf-dcba14d8451a02d7.rlib --extern hmac=/home/sixtocantolla/sessions/day-to-day/vaultwarden-contain-protected-child-processes/target/debug/deps/libhmac-a39fe01d6140acd2.rlib --extern keyring_core=/home/sixtocantolla/sessions/day-to-day/vaultwarden-contain-protected-child-processes/target/debug/deps/libkeyring_core-8b5421913db6ab5b.rlib --extern libc=/home/sixtocantolla/sessions/day-to-day/vaultwarden-contain-protected-child-processes/target/debug/deps/liblibc-977f0284d0fd530a.rlib --extern pbkdf2=/home/sixtocantolla/sessions/day-to-day/vaultwarden-contain-protected-child-processes/target/debug/deps/libpbkdf2-2592cefa3220a94a.rlib --extern predicates=/home/sixtocantolla/sessions/day-to-day/vaultwarden-contain-protected-child-processes/target/debug/deps/libpredicates-15036309cb92c251.rlib --extern rand=/home/sixtocantolla/sessions/day-to-day/vaultwarden-contain-protected-child-processes/target/debug/deps/librand-7360042e2e990b53.rlib --extern rand_core=/home/sixtocantolla/sessions/day-to-day/vaultwarden-contain-protected-child-processes/target/debug/deps/librand_core-ffd3a88f2751d968.rlib --extern regex=/home/sixtocantolla/sessions/day-to-day/vaultwarden-contain-protected-child-processes/target/debug/deps/libregex-684aa2a70005b5f3.rlib --extern reqwest=/home/sixtocantolla/sessions/day-to-day/vaultwarden-contain-protected-child-processes/target/debug/deps/libreqwest-0920b5cbb25e01b3.rlib --extern rpassword=/home/sixtocantolla/sessions/day-to-day/vaultwarden-contain-protected-child-processes/target/debug/deps/librpassword-967534cacf19c127.rlib --extern rsa=/home/sixtocantolla/sessions/day-to-day/vaultwarden-contain-protected-child-processes/target/debug/deps/librsa-488ee14504cf7a56.rlib --extern rstest=/home/sixtocantolla/sessions/day-to-day/vaultwarden-contain-protected-child-processes/target/debug/deps/librstest-607776e2323b0d15.rlib --extern rustls=/home/sixtocantolla/sessions/day-to-day/vaultwarden-contain-protected-child-processes/target/debug/deps/librustls-ff83b9db8137f4c6.rlib --extern serde=/home/sixtocantolla/sessions/day-to-day/vaultwarden-contain-protected-child-processes/target/debug/deps/libserde-80fde8023384323e.rlib --extern serde_json=/home/sixtocantolla/sessions/day-to-day/vaultwarden-contain-protected-child-processes/target/debug/deps/libserde_json-393d8b98de9f4aa7.rlib --extern sha1=/home/sixtocantolla/sessions/day-to-day/vaultwarden-contain-protected-child-processes/target/debug/deps/libsha1-77af1eca7b7597d3.rlib --extern sha2=/home/sixtocantolla/sessions/day-to-day/vaultwarden-contain-protected-child-processes/target/debug/deps/libsha2-c98506ab3375b936.rlib --extern tempfile=/home/sixtocantolla/sessions/day-to-day/vaultwarden-contain-protected-child-processes/target/debug/deps/libtempfile-c06742e9b2bf5323.rlib --extern thiserror=/home/sixtocantolla/sessions/day-to-day/vaultwarden-contain-protected-child-processes/target/debug/deps/libthiserror-0e8d22adff41defb.rlib --extern tokio=/home/sixtocantolla/sessions/day-to-day/vaultwarden-contain-protected-child-processes/target/debug/deps/libtokio-049ab909b3fd5cd4.rlib --extern tokio_test=/home/sixtocantolla/sessions/day-to-day/vaultwarden-contain-protected-child-processes/target/debug/deps/libtokio_test-cc3d5a1398d33181.rlib --extern vaultwarden_cli=/home/sixtocantolla/sessions/day-to-day/vaultwarden-contain-protected-child-processes/target/debug/deps/libvaultwarden_cli-65f2d5d9b71402a8.rlib --extern wiremock=/home/sixtocantolla/sessions/day-to-day/vaultwarden-contain-protected-child-processes/target/debug/deps/libwiremock-fbb69ed54141ae79.rlib --extern zeroize=/home/sixtocantolla/sessions/day-to-day/vaultwarden-contain-protected-child-processes/target/debug/deps/libzeroize-19a098a0413dc6e2.rlib -L native=/home/sixtocantolla/sessions/day-to-day/vaultwarden-contain-protected-child-processes/target/debug/build/alloca-6d6825ee6b34ecdd/out -L native=/home/sixtocantolla/sessions/day-to-day/vaultwarden-contain-protected-child-processes/target/debug/build/libdbus-sys-0af6c718bf113e4f/out -L native=/home/sixtocantolla/sessions/day-to-day/vaultwarden-contain-protected-child-processes/target/debug/build/libdbus-sys-0af6c718bf113e4f/out -L native=/home/sixtocantolla/sessions/day-to-day/vaultwarden-contain-protected-child-processes/target/debug/build/ring-28d6e2fe0e34427f/out`
     Running `/home/sixtocantolla/.rustup/toolchains/stable-x86_64-unknown-linux-gnu/bin/rustc --crate-name msrv_docs --edition=2024 tests/msrv_docs.rs --error-format=json --json=diagnostic-rendered-ansi,artifacts,future-incompat --emit=dep-info,link -C embed-bitcode=no -C debuginfo=line-tables-only '--deny=clippy::unused_result_ok' '--deny=clippy::unreachable' '--deny=clippy::unimplemented' --warn=unexpected_cfgs '--deny=clippy::todo' '--deny=clippy::map_err_ignore' '--deny=clippy::let_underscore_must_use' '--deny=clippy::get_unwrap' '--deny=clippy::dbg_macro' --check-cfg 'cfg(tarpaulin)' --test --check-cfg 'cfg(docsrs,test)' --check-cfg 'cfg(feature, values())' -C metadata=ed3902099648e937 -C extra-filename=-de514cdb569ed842 --out-dir /home/sixtocantolla/sessions/day-to-day/vaultwarden-contain-protected-child-processes/target/debug/deps -C incremental=/home/sixtocantolla/sessions/day-to-day/vaultwarden-contain-protected-child-processes/target/debug/incremental -L dependency=/home/sixtocantolla/sessions/day-to-day/vaultwarden-contain-protected-child-processes/target/debug/deps --extern aes=/home/sixtocantolla/sessions/day-to-day/vaultwarden-contain-protected-child-processes/target/debug/deps/libaes-d15c80f76e758342.rlib --extern anyhow=/home/sixtocantolla/sessions/day-to-day/vaultwarden-contain-protected-child-processes/target/debug/deps/libanyhow-dff7756bfcd0c831.rlib --extern assert_cmd=/home/sixtocantolla/sessions/day-to-day/vaultwarden-contain-protected-child-processes/target/debug/deps/libassert_cmd-fc4b8524aa9695f5.rlib --extern base64=/home/sixtocantolla/sessions/day-to-day/vaultwarden-contain-protected-child-processes/target/debug/deps/libbase64-aa23b026d75eba6d.rlib --extern cbc=/home/sixtocantolla/sessions/day-to-day/vaultwarden-contain-protected-child-processes/target/debug/deps/libcbc-244b2ff6a75c4f71.rlib --extern clap=/home/sixtocantolla/sessions/day-to-day/vaultwarden-contain-protected-child-processes/target/debug/deps/libclap-5715579ffa557b5e.rlib --extern criterion=/home/sixtocantolla/sessions/day-to-day/vaultwarden-contain-protected-child-processes/target/debug/deps/libcriterion-4b9660c4d2135b5f.rlib --extern dbus=/home/sixtocantolla/sessions/day-to-day/vaultwarden-contain-protected-child-processes/target/debug/deps/libdbus-b088074be763c01b.rlib --extern dbus_secret_service_keyring_store=/home/sixtocantolla/sessions/day-to-day/vaultwarden-contain-protected-child-processes/target/debug/deps/libdbus_secret_service_keyring_store-038cae1af6927045.rlib --extern directories=/home/sixtocantolla/sessions/day-to-day/vaultwarden-contain-protected-child-processes/target/debug/deps/libdirectories-a33391ecde097d6b.rlib --extern ed25519_dalek=/home/sixtocantolla/sessions/day-to-day/vaultwarden-contain-protected-child-processes/target/debug/deps/libed25519_dalek-33994956d41b844e.rlib --extern fs4=/home/sixtocantolla/sessions/day-to-day/vaultwarden-contain-protected-child-processes/target/debug/deps/libfs4-946ed1ee9093732a.rlib --extern getrandom=/home/sixtocantolla/sessions/day-to-day/vaultwarden-contain-protected-child-processes/target/debug/deps/libgetrandom-79d44dc8dcc3050c.rlib --extern hkdf=/home/sixtocantolla/sessions/day-to-day/vaultwarden-contain-protected-child-processes/target/debug/deps/libhkdf-dcba14d8451a02d7.rlib --extern hmac=/home/sixtocantolla/sessions/day-to-day/vaultwarden-contain-protected-child-processes/target/debug/deps/libhmac-a39fe01d6140acd2.rlib --extern keyring_core=/home/sixtocantolla/sessions/day-to-day/vaultwarden-contain-protected-child-processes/target/debug/deps/libkeyring_core-8b5421913db6ab5b.rlib --extern libc=/home/sixtocantolla/sessions/day-to-day/vaultwarden-contain-protected-child-processes/target/debug/deps/liblibc-977f0284d0fd530a.rlib --extern pbkdf2=/home/sixtocantolla/sessions/day-to-day/vaultwarden-contain-protected-child-processes/target/debug/deps/libpbkdf2-2592cefa3220a94a.rlib --extern predicates=/home/sixtocantolla/sessions/day-to-day/vaultwarden-contain-protected-child-processes/target/debug/deps/libpredicates-15036309cb92c251.rlib --extern rand=/home/sixtocantolla/sessions/day-to-day/vaultwarden-contain-protected-child-processes/target/debug/deps/librand-7360042e2e990b53.rlib --extern rand_core=/home/sixtocantolla/sessions/day-to-day/vaultwarden-contain-protected-child-processes/target/debug/deps/librand_core-ffd3a88f2751d968.rlib --extern regex=/home/sixtocantolla/sessions/day-to-day/vaultwarden-contain-protected-child-processes/target/debug/deps/libregex-684aa2a70005b5f3.rlib --extern reqwest=/home/sixtocantolla/sessions/day-to-day/vaultwarden-contain-protected-child-processes/target/debug/deps/libreqwest-0920b5cbb25e01b3.rlib --extern rpassword=/home/sixtocantolla/sessions/day-to-day/vaultwarden-contain-protected-child-processes/target/debug/deps/librpassword-967534cacf19c127.rlib --extern rsa=/home/sixtocantolla/sessions/day-to-day/vaultwarden-contain-protected-child-processes/target/debug/deps/librsa-488ee14504cf7a56.rlib --extern rstest=/home/sixtocantolla/sessions/day-to-day/vaultwarden-contain-protected-child-processes/target/debug/deps/librstest-607776e2323b0d15.rlib --extern rustls=/home/sixtocantolla/sessions/day-to-day/vaultwarden-contain-protected-child-processes/target/debug/deps/librustls-ff83b9db8137f4c6.rlib --extern serde=/home/sixtocantolla/sessions/day-to-day/vaultwarden-contain-protected-child-processes/target/debug/deps/libserde-80fde8023384323e.rlib --extern serde_json=/home/sixtocantolla/sessions/day-to-day/vaultwarden-contain-protected-child-processes/target/debug/deps/libserde_json-393d8b98de9f4aa7.rlib --extern sha1=/home/sixtocantolla/sessions/day-to-day/vaultwarden-contain-protected-child-processes/target/debug/deps/libsha1-77af1eca7b7597d3.rlib --extern sha2=/home/sixtocantolla/sessions/day-to-day/vaultwarden-contain-protected-child-processes/target/debug/deps/libsha2-c98506ab3375b936.rlib --extern tempfile=/home/sixtocantolla/sessions/day-to-day/vaultwarden-contain-protected-child-processes/target/debug/deps/libtempfile-c06742e9b2bf5323.rlib --extern thiserror=/home/sixtocantolla/sessions/day-to-day/vaultwarden-contain-protected-child-processes/target/debug/deps/libthiserror-0e8d22adff41defb.rlib --extern tokio=/home/sixtocantolla/sessions/day-to-day/vaultwarden-contain-protected-child-processes/target/debug/deps/libtokio-049ab909b3fd5cd4.rlib --extern tokio_test=/home/sixtocantolla/sessions/day-to-day/vaultwarden-contain-protected-child-processes/target/debug/deps/libtokio_test-cc3d5a1398d33181.rlib --extern vaultwarden_cli=/home/sixtocantolla/sessions/day-to-day/vaultwarden-contain-protected-child-processes/target/debug/deps/libvaultwarden_cli-65f2d5d9b71402a8.rlib --extern wiremock=/home/sixtocantolla/sessions/day-to-day/vaultwarden-contain-protected-child-processes/target/debug/deps/libwiremock-fbb69ed54141ae79.rlib --extern zeroize=/home/sixtocantolla/sessions/day-to-day/vaultwarden-contain-protected-child-processes/target/debug/deps/libzeroize-19a098a0413dc6e2.rlib -L native=/home/sixtocantolla/sessions/day-to-day/vaultwarden-contain-protected-child-processes/target/debug/build/alloca-6d6825ee6b34ecdd/out -L native=/home/sixtocantolla/sessions/day-to-day/vaultwarden-contain-protected-child-processes/target/debug/build/libdbus-sys-0af6c718bf113e4f/out -L native=/home/sixtocantolla/sessions/day-to-day/vaultwarden-contain-protected-child-processes/target/debug/build/libdbus-sys-0af6c718bf113e4f/out -L native=/home/sixtocantolla/sessions/day-to-day/vaultwarden-contain-protected-child-processes/target/debug/build/ring-28d6e2fe0e34427f/out`
     Running `/home/sixtocantolla/.rustup/toolchains/stable-x86_64-unknown-linux-gnu/bin/rustc --crate-name vw_access --edition=2024 src/bin/vw-access.rs --error-format=json --json=diagnostic-rendered-ansi,artifacts,future-incompat --emit=dep-info,link -C embed-bitcode=no -C debuginfo=line-tables-only '--deny=clippy::unused_result_ok' '--deny=clippy::unreachable' '--deny=clippy::unimplemented' --warn=unexpected_cfgs '--deny=clippy::todo' '--deny=clippy::map_err_ignore' '--deny=clippy::let_underscore_must_use' '--deny=clippy::get_unwrap' '--deny=clippy::dbg_macro' --check-cfg 'cfg(tarpaulin)' --test --check-cfg 'cfg(docsrs,test)' --check-cfg 'cfg(feature, values())' -C metadata=36372a98f3633be7 -C extra-filename=-eb418e62f47a6181 --out-dir /home/sixtocantolla/sessions/day-to-day/vaultwarden-contain-protected-child-processes/target/debug/deps -C incremental=/home/sixtocantolla/sessions/day-to-day/vaultwarden-contain-protected-child-processes/target/debug/incremental -L dependency=/home/sixtocantolla/sessions/day-to-day/vaultwarden-contain-protected-child-processes/target/debug/deps --extern aes=/home/sixtocantolla/sessions/day-to-day/vaultwarden-contain-protected-child-processes/target/debug/deps/libaes-d15c80f76e758342.rlib --extern anyhow=/home/sixtocantolla/sessions/day-to-day/vaultwarden-contain-protected-child-processes/target/debug/deps/libanyhow-dff7756bfcd0c831.rlib --extern assert_cmd=/home/sixtocantolla/sessions/day-to-day/vaultwarden-contain-protected-child-processes/target/debug/deps/libassert_cmd-fc4b8524aa9695f5.rlib --extern base64=/home/sixtocantolla/sessions/day-to-day/vaultwarden-contain-protected-child-processes/target/debug/deps/libbase64-aa23b026d75eba6d.rlib --extern cbc=/home/sixtocantolla/sessions/day-to-day/vaultwarden-contain-protected-child-processes/target/debug/deps/libcbc-244b2ff6a75c4f71.rlib --extern clap=/home/sixtocantolla/sessions/day-to-day/vaultwarden-contain-protected-child-processes/target/debug/deps/libclap-5715579ffa557b5e.rlib --extern criterion=/home/sixtocantolla/sessions/day-to-day/vaultwarden-contain-protected-child-processes/target/debug/deps/libcriterion-4b9660c4d2135b5f.rlib --extern dbus=/home/sixtocantolla/sessions/day-to-day/vaultwarden-contain-protected-child-processes/target/debug/deps/libdbus-b088074be763c01b.rlib --extern dbus_secret_service_keyring_store=/home/sixtocantolla/sessions/day-to-day/vaultwarden-contain-protected-child-processes/target/debug/deps/libdbus_secret_service_keyring_store-038cae1af6927045.rlib --extern directories=/home/sixtocantolla/sessions/day-to-day/vaultwarden-contain-protected-child-processes/target/debug/deps/libdirectories-a33391ecde097d6b.rlib --extern ed25519_dalek=/home/sixtocantolla/sessions/day-to-day/vaultwarden-contain-protected-child-processes/target/debug/deps/libed25519_dalek-33994956d41b844e.rlib --extern fs4=/home/sixtocantolla/sessions/day-to-day/vaultwarden-contain-protected-child-processes/target/debug/deps/libfs4-946ed1ee9093732a.rlib --extern getrandom=/home/sixtocantolla/sessions/day-to-day/vaultwarden-contain-protected-child-processes/target/debug/deps/libgetrandom-79d44dc8dcc3050c.rlib --extern hkdf=/home/sixtocantolla/sessions/day-to-day/vaultwarden-contain-protected-child-processes/target/debug/deps/libhkdf-dcba14d8451a02d7.rlib --extern hmac=/home/sixtocantolla/sessions/day-to-day/vaultwarden-contain-protected-child-processes/target/debug/deps/libhmac-a39fe01d6140acd2.rlib --extern keyring_core=/home/sixtocantolla/sessions/day-to-day/vaultwarden-contain-protected-child-processes/target/debug/deps/libkeyring_core-8b5421913db6ab5b.rlib --extern libc=/home/sixtocantolla/sessions/day-to-day/vaultwarden-contain-protected-child-processes/target/debug/deps/liblibc-977f0284d0fd530a.rlib --extern pbkdf2=/home/sixtocantolla/sessions/day-to-day/vaultwarden-contain-protected-child-processes/target/debug/deps/libpbkdf2-2592cefa3220a94a.rlib --extern predicates=/home/sixtocantolla/sessions/day-to-day/vaultwarden-contain-protected-child-processes/target/debug/deps/libpredicates-15036309cb92c251.rlib --extern rand=/home/sixtocantolla/sessions/day-to-day/vaultwarden-contain-protected-child-processes/target/debug/deps/librand-7360042e2e990b53.rlib --extern rand_core=/home/sixtocantolla/sessions/day-to-day/vaultwarden-contain-protected-child-processes/target/debug/deps/librand_core-ffd3a88f2751d968.rlib --extern regex=/home/sixtocantolla/sessions/day-to-day/vaultwarden-contain-protected-child-processes/target/debug/deps/libregex-684aa2a70005b5f3.rlib --extern reqwest=/home/sixtocantolla/sessions/day-to-day/vaultwarden-contain-protected-child-processes/target/debug/deps/libreqwest-0920b5cbb25e01b3.rlib --extern rpassword=/home/sixtocantolla/sessions/day-to-day/vaultwarden-contain-protected-child-processes/target/debug/deps/librpassword-967534cacf19c127.rlib --extern rsa=/home/sixtocantolla/sessions/day-to-day/vaultwarden-contain-protected-child-processes/target/debug/deps/librsa-488ee14504cf7a56.rlib --extern rstest=/home/sixtocantolla/sessions/day-to-day/vaultwarden-contain-protected-child-processes/target/debug/deps/librstest-607776e2323b0d15.rlib --extern rustls=/home/sixtocantolla/sessions/day-to-day/vaultwarden-contain-protected-child-processes/target/debug/deps/librustls-ff83b9db8137f4c6.rlib --extern serde=/home/sixtocantolla/sessions/day-to-day/vaultwarden-contain-protected-child-processes/target/debug/deps/libserde-80fde8023384323e.rlib --extern serde_json=/home/sixtocantolla/sessions/day-to-day/vaultwarden-contain-protected-child-processes/target/debug/deps/libserde_json-393d8b98de9f4aa7.rlib --extern sha1=/home/sixtocantolla/sessions/day-to-day/vaultwarden-contain-protected-child-processes/target/debug/deps/libsha1-77af1eca7b7597d3.rlib --extern sha2=/home/sixtocantolla/sessions/day-to-day/vaultwarden-contain-protected-child-processes/target/debug/deps/libsha2-c98506ab3375b936.rlib --extern tempfile=/home/sixtocantolla/sessions/day-to-day/vaultwarden-contain-protected-child-processes/target/debug/deps/libtempfile-c06742e9b2bf5323.rlib --extern thiserror=/home/sixtocantolla/sessions/day-to-day/vaultwarden-contain-protected-child-processes/target/debug/deps/libthiserror-0e8d22adff41defb.rlib --extern tokio=/home/sixtocantolla/sessions/day-to-day/vaultwarden-contain-protected-child-processes/target/debug/deps/libtokio-049ab909b3fd5cd4.rlib --extern tokio_test=/home/sixtocantolla/sessions/day-to-day/vaultwarden-contain-protected-child-processes/target/debug/deps/libtokio_test-cc3d5a1398d33181.rlib --extern vaultwarden_cli=/home/sixtocantolla/sessions/day-to-day/vaultwarden-contain-protected-child-processes/target/debug/deps/libvaultwarden_cli-65f2d5d9b71402a8.rlib --extern wiremock=/home/sixtocantolla/sessions/day-to-day/vaultwarden-contain-protected-child-processes/target/debug/deps/libwiremock-fbb69ed54141ae79.rlib --extern zeroize=/home/sixtocantolla/sessions/day-to-day/vaultwarden-contain-protected-child-processes/target/debug/deps/libzeroize-19a098a0413dc6e2.rlib -L native=/home/sixtocantolla/sessions/day-to-day/vaultwarden-contain-protected-child-processes/target/debug/build/alloca-6d6825ee6b34ecdd/out -L native=/home/sixtocantolla/sessions/day-to-day/vaultwarden-contain-protected-child-processes/target/debug/build/libdbus-sys-0af6c718bf113e4f/out -L native=/home/sixtocantolla/sessions/day-to-day/vaultwarden-contain-protected-child-processes/target/debug/build/libdbus-sys-0af6c718bf113e4f/out -L native=/home/sixtocantolla/sessions/day-to-day/vaultwarden-contain-protected-child-processes/target/debug/build/ring-28d6e2fe0e34427f/out`
     Running `/home/sixtocantolla/.rustup/toolchains/stable-x86_64-unknown-linux-gnu/bin/rustc --crate-name vaultwarden_accessd --edition=2024 src/bin/vaultwarden-accessd.rs --error-format=json --json=diagnostic-rendered-ansi,artifacts,future-incompat --crate-type bin --emit=dep-info,link -C embed-bitcode=no -C debuginfo=line-tables-only '--deny=clippy::unused_result_ok' '--deny=clippy::unreachable' '--deny=clippy::unimplemented' --warn=unexpected_cfgs '--deny=clippy::todo' '--deny=clippy::map_err_ignore' '--deny=clippy::let_underscore_must_use' '--deny=clippy::get_unwrap' '--deny=clippy::dbg_macro' --check-cfg 'cfg(tarpaulin)' --check-cfg 'cfg(docsrs,test)' --check-cfg 'cfg(feature, values())' -C metadata=1523bafa2a4a8a40 -C extra-filename=-68a3bf819d31a652 --out-dir /home/sixtocantolla/sessions/day-to-day/vaultwarden-contain-protected-child-processes/target/debug/deps -C incremental=/home/sixtocantolla/sessions/day-to-day/vaultwarden-contain-protected-child-processes/target/debug/incremental -L dependency=/home/sixtocantolla/sessions/day-to-day/vaultwarden-contain-protected-child-processes/target/debug/deps --extern aes=/home/sixtocantolla/sessions/day-to-day/vaultwarden-contain-protected-child-processes/target/debug/deps/libaes-d15c80f76e758342.rlib --extern anyhow=/home/sixtocantolla/sessions/day-to-day/vaultwarden-contain-protected-child-processes/target/debug/deps/libanyhow-dff7756bfcd0c831.rlib --extern base64=/home/sixtocantolla/sessions/day-to-day/vaultwarden-contain-protected-child-processes/target/debug/deps/libbase64-aa23b026d75eba6d.rlib --extern cbc=/home/sixtocantolla/sessions/day-to-day/vaultwarden-contain-protected-child-processes/target/debug/deps/libcbc-244b2ff6a75c4f71.rlib --extern clap=/home/sixtocantolla/sessions/day-to-day/vaultwarden-contain-protected-child-processes/target/debug/deps/libclap-5715579ffa557b5e.rlib --extern dbus=/home/sixtocantolla/sessions/day-to-day/vaultwarden-contain-protected-child-processes/target/debug/deps/libdbus-b088074be763c01b.rlib --extern dbus_secret_service_keyring_store=/home/sixtocantolla/sessions/day-to-day/vaultwarden-contain-protected-child-processes/target/debug/deps/libdbus_secret_service_keyring_store-038cae1af6927045.rlib --extern directories=/home/sixtocantolla/sessions/day-to-day/vaultwarden-contain-protected-child-processes/target/debug/deps/libdirectories-a33391ecde097d6b.rlib --extern ed25519_dalek=/home/sixtocantolla/sessions/day-to-day/vaultwarden-contain-protected-child-processes/target/debug/deps/libed25519_dalek-33994956d41b844e.rlib --extern fs4=/home/sixtocantolla/sessions/day-to-day/vaultwarden-contain-protected-child-processes/target/debug/deps/libfs4-946ed1ee9093732a.rlib --extern getrandom=/home/sixtocantolla/sessions/day-to-day/vaultwarden-contain-protected-child-processes/target/debug/deps/libgetrandom-79d44dc8dcc3050c.rlib --extern hkdf=/home/sixtocantolla/sessions/day-to-day/vaultwarden-contain-protected-child-processes/target/debug/deps/libhkdf-dcba14d8451a02d7.rlib --extern hmac=/home/sixtocantolla/sessions/day-to-day/vaultwarden-contain-protected-child-processes/target/debug/deps/libhmac-a39fe01d6140acd2.rlib --extern keyring_core=/home/sixtocantolla/sessions/day-to-day/vaultwarden-contain-protected-child-processes/target/debug/deps/libkeyring_core-8b5421913db6ab5b.rlib --extern libc=/home/sixtocantolla/sessions/day-to-day/vaultwarden-contain-protected-child-processes/target/debug/deps/liblibc-977f0284d0fd530a.rlib --extern pbkdf2=/home/sixtocantolla/sessions/day-to-day/vaultwarden-contain-protected-child-processes/target/debug/deps/libpbkdf2-2592cefa3220a94a.rlib --extern regex=/home/sixtocantolla/sessions/day-to-day/vaultwarden-contain-protected-child-processes/target/debug/deps/libregex-684aa2a70005b5f3.rlib --extern reqwest=/home/sixtocantolla/sessions/day-to-day/vaultwarden-contain-protected-child-processes/target/debug/deps/libreqwest-0920b5cbb25e01b3.rlib --extern rpassword=/home/sixtocantolla/sessions/day-to-day/vaultwarden-contain-protected-child-processes/target/debug/deps/librpassword-967534cacf19c127.rlib --extern rsa=/home/sixtocantolla/sessions/day-to-day/vaultwarden-contain-protected-child-processes/target/debug/deps/librsa-488ee14504cf7a56.rlib --extern rustls=/home/sixtocantolla/sessions/day-to-day/vaultwarden-contain-protected-child-processes/target/debug/deps/librustls-ff83b9db8137f4c6.rlib --extern serde=/home/sixtocantolla/sessions/day-to-day/vaultwarden-contain-protected-child-processes/target/debug/deps/libserde-80fde8023384323e.rlib --extern serde_json=/home/sixtocantolla/sessions/day-to-day/vaultwarden-contain-protected-child-processes/target/debug/deps/libserde_json-393d8b98de9f4aa7.rlib --extern sha1=/home/sixtocantolla/sessions/day-to-day/vaultwarden-contain-protected-child-processes/target/debug/deps/libsha1-77af1eca7b7597d3.rlib --extern sha2=/home/sixtocantolla/sessions/day-to-day/vaultwarden-contain-protected-child-processes/target/debug/deps/libsha2-c98506ab3375b936.rlib --extern thiserror=/home/sixtocantolla/sessions/day-to-day/vaultwarden-contain-protected-child-processes/target/debug/deps/libthiserror-0e8d22adff41defb.rlib --extern tokio=/home/sixtocantolla/sessions/day-to-day/vaultwarden-contain-protected-child-processes/target/debug/deps/libtokio-049ab909b3fd5cd4.rlib --extern vaultwarden_cli=/home/sixtocantolla/sessions/day-to-day/vaultwarden-contain-protected-child-processes/target/debug/deps/libvaultwarden_cli-65f2d5d9b71402a8.rlib --extern zeroize=/home/sixtocantolla/sessions/day-to-day/vaultwarden-contain-protected-child-processes/target/debug/deps/libzeroize-19a098a0413dc6e2.rlib -L native=/home/sixtocantolla/sessions/day-to-day/vaultwarden-contain-protected-child-processes/target/debug/build/libdbus-sys-0af6c718bf113e4f/out -L native=/home/sixtocantolla/sessions/day-to-day/vaultwarden-contain-protected-child-processes/target/debug/build/libdbus-sys-0af6c718bf113e4f/out -L native=/home/sixtocantolla/sessions/day-to-day/vaultwarden-contain-protected-child-processes/target/debug/build/ring-28d6e2fe0e34427f/out`
     Running `/home/sixtocantolla/.rustup/toolchains/stable-x86_64-unknown-linux-gnu/bin/rustc --crate-name vw_access --edition=2024 src/bin/vw-access.rs --error-format=json --json=diagnostic-rendered-ansi,artifacts,future-incompat --crate-type bin --emit=dep-info,link -C embed-bitcode=no -C debuginfo=line-tables-only '--deny=clippy::unused_result_ok' '--deny=clippy::unreachable' '--deny=clippy::unimplemented' --warn=unexpected_cfgs '--deny=clippy::todo' '--deny=clippy::map_err_ignore' '--deny=clippy::let_underscore_must_use' '--deny=clippy::get_unwrap' '--deny=clippy::dbg_macro' --check-cfg 'cfg(tarpaulin)' --check-cfg 'cfg(docsrs,test)' --check-cfg 'cfg(feature, values())' -C metadata=1c0f5c3afc497b57 -C extra-filename=-36ffd10e9e711b8c --out-dir /home/sixtocantolla/sessions/day-to-day/vaultwarden-contain-protected-child-processes/target/debug/deps -C incremental=/home/sixtocantolla/sessions/day-to-day/vaultwarden-contain-protected-child-processes/target/debug/incremental -L dependency=/home/sixtocantolla/sessions/day-to-day/vaultwarden-contain-protected-child-processes/target/debug/deps --extern aes=/home/sixtocantolla/sessions/day-to-day/vaultwarden-contain-protected-child-processes/target/debug/deps/libaes-d15c80f76e758342.rlib --extern anyhow=/home/sixtocantolla/sessions/day-to-day/vaultwarden-contain-protected-child-processes/target/debug/deps/libanyhow-dff7756bfcd0c831.rlib --extern base64=/home/sixtocantolla/sessions/day-to-day/vaultwarden-contain-protected-child-processes/target/debug/deps/libbase64-aa23b026d75eba6d.rlib --extern cbc=/home/sixtocantolla/sessions/day-to-day/vaultwarden-contain-protected-child-processes/target/debug/deps/libcbc-244b2ff6a75c4f71.rlib --extern clap=/home/sixtocantolla/sessions/day-to-day/vaultwarden-contain-protected-child-processes/target/debug/deps/libclap-5715579ffa557b5e.rlib --extern dbus=/home/sixtocantolla/sessions/day-to-day/vaultwarden-contain-protected-child-processes/target/debug/deps/libdbus-b088074be763c01b.rlib --extern dbus_secret_service_keyring_store=/home/sixtocantolla/sessions/day-to-day/vaultwarden-contain-protected-child-processes/target/debug/deps/libdbus_secret_service_keyring_store-038cae1af6927045.rlib --extern directories=/home/sixtocantolla/sessions/day-to-day/vaultwarden-contain-protected-child-processes/target/debug/deps/libdirectories-a33391ecde097d6b.rlib --extern ed25519_dalek=/home/sixtocantolla/sessions/day-to-day/vaultwarden-contain-protected-child-processes/target/debug/deps/libed25519_dalek-33994956d41b844e.rlib --extern fs4=/home/sixtocantolla/sessions/day-to-day/vaultwarden-contain-protected-child-processes/target/debug/deps/libfs4-946ed1ee9093732a.rlib --extern getrandom=/home/sixtocantolla/sessions/day-to-day/vaultwarden-contain-protected-child-processes/target/debug/deps/libgetrandom-79d44dc8dcc3050c.rlib --extern hkdf=/home/sixtocantolla/sessions/day-to-day/vaultwarden-contain-protected-child-processes/target/debug/deps/libhkdf-dcba14d8451a02d7.rlib --extern hmac=/home/sixtocantolla/sessions/day-to-day/vaultwarden-contain-protected-child-processes/target/debug/deps/libhmac-a39fe01d6140acd2.rlib --extern keyring_core=/home/sixtocantolla/sessions/day-to-day/vaultwarden-contain-protected-child-processes/target/debug/deps/libkeyring_core-8b5421913db6ab5b.rlib --extern libc=/home/sixtocantolla/sessions/day-to-day/vaultwarden-contain-protected-child-processes/target/debug/deps/liblibc-977f0284d0fd530a.rlib --extern pbkdf2=/home/sixtocantolla/sessions/day-to-day/vaultwarden-contain-protected-child-processes/target/debug/deps/libpbkdf2-2592cefa3220a94a.rlib --extern regex=/home/sixtocantolla/sessions/day-to-day/vaultwarden-contain-protected-child-processes/target/debug/deps/libregex-684aa2a70005b5f3.rlib --extern reqwest=/home/sixtocantolla/sessions/day-to-day/vaultwarden-contain-protected-child-processes/target/debug/deps/libreqwest-0920b5cbb25e01b3.rlib --extern rpassword=/home/sixtocantolla/sessions/day-to-day/vaultwarden-contain-protected-child-processes/target/debug/deps/librpassword-967534cacf19c127.rlib --extern rsa=/home/sixtocantolla/sessions/day-to-day/vaultwarden-contain-protected-child-processes/target/debug/deps/librsa-488ee14504cf7a56.rlib --extern rustls=/home/sixtocantolla/sessions/day-to-day/vaultwarden-contain-protected-child-processes/target/debug/deps/librustls-ff83b9db8137f4c6.rlib --extern serde=/home/sixtocantolla/sessions/day-to-day/vaultwarden-contain-protected-child-processes/target/debug/deps/libserde-80fde8023384323e.rlib --extern serde_json=/home/sixtocantolla/sessions/day-to-day/vaultwarden-contain-protected-child-processes/target/debug/deps/libserde_json-393d8b98de9f4aa7.rlib --extern sha1=/home/sixtocantolla/sessions/day-to-day/vaultwarden-contain-protected-child-processes/target/debug/deps/libsha1-77af1eca7b7597d3.rlib --extern sha2=/home/sixtocantolla/sessions/day-to-day/vaultwarden-contain-protected-child-processes/target/debug/deps/libsha2-c98506ab3375b936.rlib --extern thiserror=/home/sixtocantolla/sessions/day-to-day/vaultwarden-contain-protected-child-processes/target/debug/deps/libthiserror-0e8d22adff41defb.rlib --extern tokio=/home/sixtocantolla/sessions/day-to-day/vaultwarden-contain-protected-child-processes/target/debug/deps/libtokio-049ab909b3fd5cd4.rlib --extern vaultwarden_cli=/home/sixtocantolla/sessions/day-to-day/vaultwarden-contain-protected-child-processes/target/debug/deps/libvaultwarden_cli-65f2d5d9b71402a8.rlib --extern zeroize=/home/sixtocantolla/sessions/day-to-day/vaultwarden-contain-protected-child-processes/target/debug/deps/libzeroize-19a098a0413dc6e2.rlib -L native=/home/sixtocantolla/sessions/day-to-day/vaultwarden-contain-protected-child-processes/target/debug/build/libdbus-sys-0af6c718bf113e4f/out -L native=/home/sixtocantolla/sessions/day-to-day/vaultwarden-contain-protected-child-processes/target/debug/build/libdbus-sys-0af6c718bf113e4f/out -L native=/home/sixtocantolla/sessions/day-to-day/vaultwarden-contain-protected-child-processes/target/debug/build/ring-28d6e2fe0e34427f/out`
     Running `/home/sixtocantolla/.rustup/toolchains/stable-x86_64-unknown-linux-gnu/bin/rustc --crate-name vaultwarden_access_exec --edition=2024 src/bin/vaultwarden-access-exec.rs --error-format=json --json=diagnostic-rendered-ansi,artifacts,future-incompat --crate-type bin --emit=dep-info,link -C embed-bitcode=no -C debuginfo=line-tables-only '--deny=clippy::unused_result_ok' '--deny=clippy::unreachable' '--deny=clippy::unimplemented' --warn=unexpected_cfgs '--deny=clippy::todo' '--deny=clippy::map_err_ignore' '--deny=clippy::let_underscore_must_use' '--deny=clippy::get_unwrap' '--deny=clippy::dbg_macro' --check-cfg 'cfg(tarpaulin)' --check-cfg 'cfg(docsrs,test)' --check-cfg 'cfg(feature, values())' -C metadata=56b3772abcfa6acc -C extra-filename=-188e60610b446432 --out-dir /home/sixtocantolla/sessions/day-to-day/vaultwarden-contain-protected-child-processes/target/debug/deps -C incremental=/home/sixtocantolla/sessions/day-to-day/vaultwarden-contain-protected-child-processes/target/debug/incremental -L dependency=/home/sixtocantolla/sessions/day-to-day/vaultwarden-contain-protected-child-processes/target/debug/deps --extern aes=/home/sixtocantolla/sessions/day-to-day/vaultwarden-contain-protected-child-processes/target/debug/deps/libaes-d15c80f76e758342.rlib --extern anyhow=/home/sixtocantolla/sessions/day-to-day/vaultwarden-contain-protected-child-processes/target/debug/deps/libanyhow-dff7756bfcd0c831.rlib --extern base64=/home/sixtocantolla/sessions/day-to-day/vaultwarden-contain-protected-child-processes/target/debug/deps/libbase64-aa23b026d75eba6d.rlib --extern cbc=/home/sixtocantolla/sessions/day-to-day/vaultwarden-contain-protected-child-processes/target/debug/deps/libcbc-244b2ff6a75c4f71.rlib --extern clap=/home/sixtocantolla/sessions/day-to-day/vaultwarden-contain-protected-child-processes/target/debug/deps/libclap-5715579ffa557b5e.rlib --extern dbus=/home/sixtocantolla/sessions/day-to-day/vaultwarden-contain-protected-child-processes/target/debug/deps/libdbus-b088074be763c01b.rlib --extern dbus_secret_service_keyring_store=/home/sixtocantolla/sessions/day-to-day/vaultwarden-contain-protected-child-processes/target/debug/deps/libdbus_secret_service_keyring_store-038cae1af6927045.rlib --extern directories=/home/sixtocantolla/sessions/day-to-day/vaultwarden-contain-protected-child-processes/target/debug/deps/libdirectories-a33391ecde097d6b.rlib --extern ed25519_dalek=/home/sixtocantolla/sessions/day-to-day/vaultwarden-contain-protected-child-processes/target/debug/deps/libed25519_dalek-33994956d41b844e.rlib --extern fs4=/home/sixtocantolla/sessions/day-to-day/vaultwarden-contain-protected-child-processes/target/debug/deps/libfs4-946ed1ee9093732a.rlib --extern getrandom=/home/sixtocantolla/sessions/day-to-day/vaultwarden-contain-protected-child-processes/target/debug/deps/libgetrandom-79d44dc8dcc3050c.rlib --extern hkdf=/home/sixtocantolla/sessions/day-to-day/vaultwarden-contain-protected-child-processes/target/debug/deps/libhkdf-dcba14d8451a02d7.rlib --extern hmac=/home/sixtocantolla/sessions/day-to-day/vaultwarden-contain-protected-child-processes/target/debug/deps/libhmac-a39fe01d6140acd2.rlib --extern keyring_core=/home/sixtocantolla/sessions/day-to-day/vaultwarden-contain-protected-child-processes/target/debug/deps/libkeyring_core-8b5421913db6ab5b.rlib --extern libc=/home/sixtocantolla/sessions/day-to-day/vaultwarden-contain-protected-child-processes/target/debug/deps/liblibc-977f0284d0fd530a.rlib --extern pbkdf2=/home/sixtocantolla/sessions/day-to-day/vaultwarden-contain-protected-child-processes/target/debug/deps/libpbkdf2-2592cefa3220a94a.rlib --extern regex=/home/sixtocantolla/sessions/day-to-day/vaultwarden-contain-protected-child-processes/target/debug/deps/libregex-684aa2a70005b5f3.rlib --extern reqwest=/home/sixtocantolla/sessions/day-to-day/vaultwarden-contain-protected-child-processes/target/debug/deps/libreqwest-0920b5cbb25e01b3.rlib --extern rpassword=/home/sixtocantolla/sessions/day-to-day/vaultwarden-contain-protected-child-processes/target/debug/deps/librpassword-967534cacf19c127.rlib --extern rsa=/home/sixtocantolla/sessions/day-to-day/vaultwarden-contain-protected-child-processes/target/debug/deps/librsa-488ee14504cf7a56.rlib --extern rustls=/home/sixtocantolla/sessions/day-to-day/vaultwarden-contain-protected-child-processes/target/debug/deps/librustls-ff83b9db8137f4c6.rlib --extern serde=/home/sixtocantolla/sessions/day-to-day/vaultwarden-contain-protected-child-processes/target/debug/deps/libserde-80fde8023384323e.rlib --extern serde_json=/home/sixtocantolla/sessions/day-to-day/vaultwarden-contain-protected-child-processes/target/debug/deps/libserde_json-393d8b98de9f4aa7.rlib --extern sha1=/home/sixtocantolla/sessions/day-to-day/vaultwarden-contain-protected-child-processes/target/debug/deps/libsha1-77af1eca7b7597d3.rlib --extern sha2=/home/sixtocantolla/sessions/day-to-day/vaultwarden-contain-protected-child-processes/target/debug/deps/libsha2-c98506ab3375b936.rlib --extern thiserror=/home/sixtocantolla/sessions/day-to-day/vaultwarden-contain-protected-child-processes/target/debug/deps/libthiserror-0e8d22adff41defb.rlib --extern tokio=/home/sixtocantolla/sessions/day-to-day/vaultwarden-contain-protected-child-processes/target/debug/deps/libtokio-049ab909b3fd5cd4.rlib --extern vaultwarden_cli=/home/sixtocantolla/sessions/day-to-day/vaultwarden-contain-protected-child-processes/target/debug/deps/libvaultwarden_cli-65f2d5d9b71402a8.rlib --extern zeroize=/home/sixtocantolla/sessions/day-to-day/vaultwarden-contain-protected-child-processes/target/debug/deps/libzeroize-19a098a0413dc6e2.rlib -L native=/home/sixtocantolla/sessions/day-to-day/vaultwarden-contain-protected-child-processes/target/debug/build/libdbus-sys-0af6c718bf113e4f/out -L native=/home/sixtocantolla/sessions/day-to-day/vaultwarden-contain-protected-child-processes/target/debug/build/libdbus-sys-0af6c718bf113e4f/out -L native=/home/sixtocantolla/sessions/day-to-day/vaultwarden-contain-protected-child-processes/target/debug/build/ring-28d6e2fe0e34427f/out`
     Running `/home/sixtocantolla/.rustup/toolchains/stable-x86_64-unknown-linux-gnu/bin/rustc --crate-name provider_session --edition=2024 tests/provider_session.rs --error-format=json --json=diagnostic-rendered-ansi,artifacts,future-incompat --emit=dep-info,link -C embed-bitcode=no -C debuginfo=line-tables-only '--deny=clippy::unused_result_ok' '--deny=clippy::unreachable' '--deny=clippy::unimplemented' --warn=unexpected_cfgs '--deny=clippy::todo' '--deny=clippy::map_err_ignore' '--deny=clippy::let_underscore_must_use' '--deny=clippy::get_unwrap' '--deny=clippy::dbg_macro' --check-cfg 'cfg(tarpaulin)' --test --check-cfg 'cfg(docsrs,test)' --check-cfg 'cfg(feature, values())' -C metadata=f8cb4b23dbd938a6 -C extra-filename=-2ed0798291b44b6b --out-dir /home/sixtocantolla/sessions/day-to-day/vaultwarden-contain-protected-child-processes/target/debug/deps -C incremental=/home/sixtocantolla/sessions/day-to-day/vaultwarden-contain-protected-child-processes/target/debug/incremental -L dependency=/home/sixtocantolla/sessions/day-to-day/vaultwarden-contain-protected-child-processes/target/debug/deps --extern aes=/home/sixtocantolla/sessions/day-to-day/vaultwarden-contain-protected-child-processes/target/debug/deps/libaes-d15c80f76e758342.rlib --extern anyhow=/home/sixtocantolla/sessions/day-to-day/vaultwarden-contain-protected-child-processes/target/debug/deps/libanyhow-dff7756bfcd0c831.rlib --extern assert_cmd=/home/sixtocantolla/sessions/day-to-day/vaultwarden-contain-protected-child-processes/target/debug/deps/libassert_cmd-fc4b8524aa9695f5.rlib --extern base64=/home/sixtocantolla/sessions/day-to-day/vaultwarden-contain-protected-child-processes/target/debug/deps/libbase64-aa23b026d75eba6d.rlib --extern cbc=/home/sixtocantolla/sessions/day-to-day/vaultwarden-contain-protected-child-processes/target/debug/deps/libcbc-244b2ff6a75c4f71.rlib --extern clap=/home/sixtocantolla/sessions/day-to-day/vaultwarden-contain-protected-child-processes/target/debug/deps/libclap-5715579ffa557b5e.rlib --extern criterion=/home/sixtocantolla/sessions/day-to-day/vaultwarden-contain-protected-child-processes/target/debug/deps/libcriterion-4b9660c4d2135b5f.rlib --extern dbus=/home/sixtocantolla/sessions/day-to-day/vaultwarden-contain-protected-child-processes/target/debug/deps/libdbus-b088074be763c01b.rlib --extern dbus_secret_service_keyring_store=/home/sixtocantolla/sessions/day-to-day/vaultwarden-contain-protected-child-processes/target/debug/deps/libdbus_secret_service_keyring_store-038cae1af6927045.rlib --extern directories=/home/sixtocantolla/sessions/day-to-day/vaultwarden-contain-protected-child-processes/target/debug/deps/libdirectories-a33391ecde097d6b.rlib --extern ed25519_dalek=/home/sixtocantolla/sessions/day-to-day/vaultwarden-contain-protected-child-processes/target/debug/deps/libed25519_dalek-33994956d41b844e.rlib --extern fs4=/home/sixtocantolla/sessions/day-to-day/vaultwarden-contain-protected-child-processes/target/debug/deps/libfs4-946ed1ee9093732a.rlib --extern getrandom=/home/sixtocantolla/sessions/day-to-day/vaultwarden-contain-protected-child-processes/target/debug/deps/libgetrandom-79d44dc8dcc3050c.rlib --extern hkdf=/home/sixtocantolla/sessions/day-to-day/vaultwarden-contain-protected-child-processes/target/debug/deps/libhkdf-dcba14d8451a02d7.rlib --extern hmac=/home/sixtocantolla/sessions/day-to-day/vaultwarden-contain-protected-child-processes/target/debug/deps/libhmac-a39fe01d6140acd2.rlib --extern keyring_core=/home/sixtocantolla/sessions/day-to-day/vaultwarden-contain-protected-child-processes/target/debug/deps/libkeyring_core-8b5421913db6ab5b.rlib --extern libc=/home/sixtocantolla/sessions/day-to-day/vaultwarden-contain-protected-child-processes/target/debug/deps/liblibc-977f0284d0fd530a.rlib --extern pbkdf2=/home/sixtocantolla/sessions/day-to-day/vaultwarden-contain-protected-child-processes/target/debug/deps/libpbkdf2-2592cefa3220a94a.rlib --extern predicates=/home/sixtocantolla/sessions/day-to-day/vaultwarden-contain-protected-child-processes/target/debug/deps/libpredicates-15036309cb92c251.rlib --extern rand=/home/sixtocantolla/sessions/day-to-day/vaultwarden-contain-protected-child-processes/target/debug/deps/librand-7360042e2e990b53.rlib --extern rand_core=/home/sixtocantolla/sessions/day-to-day/vaultwarden-contain-protected-child-processes/target/debug/deps/librand_core-ffd3a88f2751d968.rlib --extern regex=/home/sixtocantolla/sessions/day-to-day/vaultwarden-contain-protected-child-processes/target/debug/deps/libregex-684aa2a70005b5f3.rlib --extern reqwest=/home/sixtocantolla/sessions/day-to-day/vaultwarden-contain-protected-child-processes/target/debug/deps/libreqwest-0920b5cbb25e01b3.rlib --extern rpassword=/home/sixtocantolla/sessions/day-to-day/vaultwarden-contain-protected-child-processes/target/debug/deps/librpassword-967534cacf19c127.rlib --extern rsa=/home/sixtocantolla/sessions/day-to-day/vaultwarden-contain-protected-child-processes/target/debug/deps/librsa-488ee14504cf7a56.rlib --extern rstest=/home/sixtocantolla/sessions/day-to-day/vaultwarden-contain-protected-child-processes/target/debug/deps/librstest-607776e2323b0d15.rlib --extern rustls=/home/sixtocantolla/sessions/day-to-day/vaultwarden-contain-protected-child-processes/target/debug/deps/librustls-ff83b9db8137f4c6.rlib --extern serde=/home/sixtocantolla/sessions/day-to-day/vaultwarden-contain-protected-child-processes/target/debug/deps/libserde-80fde8023384323e.rlib --extern serde_json=/home/sixtocantolla/sessions/day-to-day/vaultwarden-contain-protected-child-processes/target/debug/deps/libserde_json-393d8b98de9f4aa7.rlib --extern sha1=/home/sixtocantolla/sessions/day-to-day/vaultwarden-contain-protected-child-processes/target/debug/deps/libsha1-77af1eca7b7597d3.rlib --extern sha2=/home/sixtocantolla/sessions/day-to-day/vaultwarden-contain-protected-child-processes/target/debug/deps/libsha2-c98506ab3375b936.rlib --extern tempfile=/home/sixtocantolla/sessions/day-to-day/vaultwarden-contain-protected-child-processes/target/debug/deps/libtempfile-c06742e9b2bf5323.rlib --extern thiserror=/home/sixtocantolla/sessions/day-to-day/vaultwarden-contain-protected-child-processes/target/debug/deps/libthiserror-0e8d22adff41defb.rlib --extern tokio=/home/sixtocantolla/sessions/day-to-day/vaultwarden-contain-protected-child-processes/target/debug/deps/libtokio-049ab909b3fd5cd4.rlib --extern tokio_test=/home/sixtocantolla/sessions/day-to-day/vaultwarden-contain-protected-child-processes/target/debug/deps/libtokio_test-cc3d5a1398d33181.rlib --extern vaultwarden_cli=/home/sixtocantolla/sessions/day-to-day/vaultwarden-contain-protected-child-processes/target/debug/deps/libvaultwarden_cli-65f2d5d9b71402a8.rlib --extern wiremock=/home/sixtocantolla/sessions/day-to-day/vaultwarden-contain-protected-child-processes/target/debug/deps/libwiremock-fbb69ed54141ae79.rlib --extern zeroize=/home/sixtocantolla/sessions/day-to-day/vaultwarden-contain-protected-child-processes/target/debug/deps/libzeroize-19a098a0413dc6e2.rlib -L native=/home/sixtocantolla/sessions/day-to-day/vaultwarden-contain-protected-child-processes/target/debug/build/alloca-6d6825ee6b34ecdd/out -L native=/home/sixtocantolla/sessions/day-to-day/vaultwarden-contain-protected-child-processes/target/debug/build/libdbus-sys-0af6c718bf113e4f/out -L native=/home/sixtocantolla/sessions/day-to-day/vaultwarden-contain-protected-child-processes/target/debug/build/libdbus-sys-0af6c718bf113e4f/out -L native=/home/sixtocantolla/sessions/day-to-day/vaultwarden-contain-protected-child-processes/target/debug/build/ring-28d6e2fe0e34427f/out`
     Running `/home/sixtocantolla/.rustup/toolchains/stable-x86_64-unknown-linux-gnu/bin/rustc --crate-name command_basic --edition=2024 tests/command_basic.rs --error-format=json --json=diagnostic-rendered-ansi,artifacts,future-incompat --emit=dep-info,link -C embed-bitcode=no -C debuginfo=line-tables-only '--deny=clippy::unused_result_ok' '--deny=clippy::unreachable' '--deny=clippy::unimplemented' --warn=unexpected_cfgs '--deny=clippy::todo' '--deny=clippy::map_err_ignore' '--deny=clippy::let_underscore_must_use' '--deny=clippy::get_unwrap' '--deny=clippy::dbg_macro' --check-cfg 'cfg(tarpaulin)' --test --check-cfg 'cfg(docsrs,test)' --check-cfg 'cfg(feature, values())' -C metadata=dc4db88a91cd8f77 -C extra-filename=-2ad4ff45127c5ff7 --out-dir /home/sixtocantolla/sessions/day-to-day/vaultwarden-contain-protected-child-processes/target/debug/deps -C incremental=/home/sixtocantolla/sessions/day-to-day/vaultwarden-contain-protected-child-processes/target/debug/incremental -L dependency=/home/sixtocantolla/sessions/day-to-day/vaultwarden-contain-protected-child-processes/target/debug/deps --extern aes=/home/sixtocantolla/sessions/day-to-day/vaultwarden-contain-protected-child-processes/target/debug/deps/libaes-d15c80f76e758342.rlib --extern anyhow=/home/sixtocantolla/sessions/day-to-day/vaultwarden-contain-protected-child-processes/target/debug/deps/libanyhow-dff7756bfcd0c831.rlib --extern assert_cmd=/home/sixtocantolla/sessions/day-to-day/vaultwarden-contain-protected-child-processes/target/debug/deps/libassert_cmd-fc4b8524aa9695f5.rlib --extern base64=/home/sixtocantolla/sessions/day-to-day/vaultwarden-contain-protected-child-processes/target/debug/deps/libbase64-aa23b026d75eba6d.rlib --extern cbc=/home/sixtocantolla/sessions/day-to-day/vaultwarden-contain-protected-child-processes/target/debug/deps/libcbc-244b2ff6a75c4f71.rlib --extern clap=/home/sixtocantolla/sessions/day-to-day/vaultwarden-contain-protected-child-processes/target/debug/deps/libclap-5715579ffa557b5e.rlib --extern criterion=/home/sixtocantolla/sessions/day-to-day/vaultwarden-contain-protected-child-processes/target/debug/deps/libcriterion-4b9660c4d2135b5f.rlib --extern dbus=/home/sixtocantolla/sessions/day-to-day/vaultwarden-contain-protected-child-processes/target/debug/deps/libdbus-b088074be763c01b.rlib --extern dbus_secret_service_keyring_store=/home/sixtocantolla/sessions/day-to-day/vaultwarden-contain-protected-child-processes/target/debug/deps/libdbus_secret_service_keyring_store-038cae1af6927045.rlib --extern directories=/home/sixtocantolla/sessions/day-to-day/vaultwarden-contain-protected-child-processes/target/debug/deps/libdirectories-a33391ecde097d6b.rlib --extern ed25519_dalek=/home/sixtocantolla/sessions/day-to-day/vaultwarden-contain-protected-child-processes/target/debug/deps/libed25519_dalek-33994956d41b844e.rlib --extern fs4=/home/sixtocantolla/sessions/day-to-day/vaultwarden-contain-protected-child-processes/target/debug/deps/libfs4-946ed1ee9093732a.rlib --extern getrandom=/home/sixtocantolla/sessions/day-to-day/vaultwarden-contain-protected-child-processes/target/debug/deps/libgetrandom-79d44dc8dcc3050c.rlib --extern hkdf=/home/sixtocantolla/sessions/day-to-day/vaultwarden-contain-protected-child-processes/target/debug/deps/libhkdf-dcba14d8451a02d7.rlib --extern hmac=/home/sixtocantolla/sessions/day-to-day/vaultwarden-contain-protected-child-processes/target/debug/deps/libhmac-a39fe01d6140acd2.rlib --extern keyring_core=/home/sixtocantolla/sessions/day-to-day/vaultwarden-contain-protected-child-processes/target/debug/deps/libkeyring_core-8b5421913db6ab5b.rlib --extern libc=/home/sixtocantolla/sessions/day-to-day/vaultwarden-contain-protected-child-processes/target/debug/deps/liblibc-977f0284d0fd530a.rlib --extern pbkdf2=/home/sixtocantolla/sessions/day-to-day/vaultwarden-contain-protected-child-processes/target/debug/deps/libpbkdf2-2592cefa3220a94a.rlib --extern predicates=/home/sixtocantolla/sessions/day-to-day/vaultwarden-contain-protected-child-processes/target/debug/deps/libpredicates-15036309cb92c251.rlib --extern rand=/home/sixtocantolla/sessions/day-to-day/vaultwarden-contain-protected-child-processes/target/debug/deps/librand-7360042e2e990b53.rlib --extern rand_core=/home/sixtocantolla/sessions/day-to-day/vaultwarden-contain-protected-child-processes/target/debug/deps/librand_core-ffd3a88f2751d968.rlib --extern regex=/home/sixtocantolla/sessions/day-to-day/vaultwarden-contain-protected-child-processes/target/debug/deps/libregex-684aa2a70005b5f3.rlib --extern reqwest=/home/sixtocantolla/sessions/day-to-day/vaultwarden-contain-protected-child-processes/target/debug/deps/libreqwest-0920b5cbb25e01b3.rlib --extern rpassword=/home/sixtocantolla/sessions/day-to-day/vaultwarden-contain-protected-child-processes/target/debug/deps/librpassword-967534cacf19c127.rlib --extern rsa=/home/sixtocantolla/sessions/day-to-day/vaultwarden-contain-protected-child-processes/target/debug/deps/librsa-488ee14504cf7a56.rlib --extern rstest=/home/sixtocantolla/sessions/day-to-day/vaultwarden-contain-protected-child-processes/target/debug/deps/librstest-607776e2323b0d15.rlib --extern rustls=/home/sixtocantolla/sessions/day-to-day/vaultwarden-contain-protected-child-processes/target/debug/deps/librustls-ff83b9db8137f4c6.rlib --extern serde=/home/sixtocantolla/sessions/day-to-day/vaultwarden-contain-protected-child-processes/target/debug/deps/libserde-80fde8023384323e.rlib --extern serde_json=/home/sixtocantolla/sessions/day-to-day/vaultwarden-contain-protected-child-processes/target/debug/deps/libserde_json-393d8b98de9f4aa7.rlib --extern sha1=/home/sixtocantolla/sessions/day-to-day/vaultwarden-contain-protected-child-processes/target/debug/deps/libsha1-77af1eca7b7597d3.rlib --extern sha2=/home/sixtocantolla/sessions/day-to-day/vaultwarden-contain-protected-child-processes/target/debug/deps/libsha2-c98506ab3375b936.rlib --extern tempfile=/home/sixtocantolla/sessions/day-to-day/vaultwarden-contain-protected-child-processes/target/debug/deps/libtempfile-c06742e9b2bf5323.rlib --extern thiserror=/home/sixtocantolla/sessions/day-to-day/vaultwarden-contain-protected-child-processes/target/debug/deps/libthiserror-0e8d22adff41defb.rlib --extern tokio=/home/sixtocantolla/sessions/day-to-day/vaultwarden-contain-protected-child-processes/target/debug/deps/libtokio-049ab909b3fd5cd4.rlib --extern tokio_test=/home/sixtocantolla/sessions/day-to-day/vaultwarden-contain-protected-child-processes/target/debug/deps/libtokio_test-cc3d5a1398d33181.rlib --extern vaultwarden_cli=/home/sixtocantolla/sessions/day-to-day/vaultwarden-contain-protected-child-processes/target/debug/deps/libvaultwarden_cli-65f2d5d9b71402a8.rlib --extern wiremock=/home/sixtocantolla/sessions/day-to-day/vaultwarden-contain-protected-child-processes/target/debug/deps/libwiremock-fbb69ed54141ae79.rlib --extern zeroize=/home/sixtocantolla/sessions/day-to-day/vaultwarden-contain-protected-child-processes/target/debug/deps/libzeroize-19a098a0413dc6e2.rlib -L native=/home/sixtocantolla/sessions/day-to-day/vaultwarden-contain-protected-child-processes/target/debug/build/alloca-6d6825ee6b34ecdd/out -L native=/home/sixtocantolla/sessions/day-to-day/vaultwarden-contain-protected-child-processes/target/debug/build/libdbus-sys-0af6c718bf113e4f/out -L native=/home/sixtocantolla/sessions/day-to-day/vaultwarden-contain-protected-child-processes/target/debug/build/libdbus-sys-0af6c718bf113e4f/out -L native=/home/sixtocantolla/sessions/day-to-day/vaultwarden-contain-protected-child-processes/target/debug/build/ring-28d6e2fe0e34427f/out`
     Running `/home/sixtocantolla/.rustup/toolchains/stable-x86_64-unknown-linux-gnu/bin/rustc --crate-name safety_checks --edition=2024 tests/safety_checks.rs --error-format=json --json=diagnostic-rendered-ansi,artifacts,future-incompat --emit=dep-info,link -C embed-bitcode=no -C debuginfo=line-tables-only '--deny=clippy::unused_result_ok' '--deny=clippy::unreachable' '--deny=clippy::unimplemented' --warn=unexpected_cfgs '--deny=clippy::todo' '--deny=clippy::map_err_ignore' '--deny=clippy::let_underscore_must_use' '--deny=clippy::get_unwrap' '--deny=clippy::dbg_macro' --check-cfg 'cfg(tarpaulin)' --test --check-cfg 'cfg(docsrs,test)' --check-cfg 'cfg(feature, values())' -C metadata=8347864028b83fdf -C extra-filename=-36a56be4d6246dd1 --out-dir /home/sixtocantolla/sessions/day-to-day/vaultwarden-contain-protected-child-processes/target/debug/deps -C incremental=/home/sixtocantolla/sessions/day-to-day/vaultwarden-contain-protected-child-processes/target/debug/incremental -L dependency=/home/sixtocantolla/sessions/day-to-day/vaultwarden-contain-protected-child-processes/target/debug/deps --extern aes=/home/sixtocantolla/sessions/day-to-day/vaultwarden-contain-protected-child-processes/target/debug/deps/libaes-d15c80f76e758342.rlib --extern anyhow=/home/sixtocantolla/sessions/day-to-day/vaultwarden-contain-protected-child-processes/target/debug/deps/libanyhow-dff7756bfcd0c831.rlib --extern assert_cmd=/home/sixtocantolla/sessions/day-to-day/vaultwarden-contain-protected-child-processes/target/debug/deps/libassert_cmd-fc4b8524aa9695f5.rlib --extern base64=/home/sixtocantolla/sessions/day-to-day/vaultwarden-contain-protected-child-processes/target/debug/deps/libbase64-aa23b026d75eba6d.rlib --extern cbc=/home/sixtocantolla/sessions/day-to-day/vaultwarden-contain-protected-child-processes/target/debug/deps/libcbc-244b2ff6a75c4f71.rlib --extern clap=/home/sixtocantolla/sessions/day-to-day/vaultwarden-contain-protected-child-processes/target/debug/deps/libclap-5715579ffa557b5e.rlib --extern criterion=/home/sixtocantolla/sessions/day-to-day/vaultwarden-contain-protected-child-processes/target/debug/deps/libcriterion-4b9660c4d2135b5f.rlib --extern dbus=/home/sixtocantolla/sessions/day-to-day/vaultwarden-contain-protected-child-processes/target/debug/deps/libdbus-b088074be763c01b.rlib --extern dbus_secret_service_keyring_store=/home/sixtocantolla/sessions/day-to-day/vaultwarden-contain-protected-child-processes/target/debug/deps/libdbus_secret_service_keyring_store-038cae1af6927045.rlib --extern directories=/home/sixtocantolla/sessions/day-to-day/vaultwarden-contain-protected-child-processes/target/debug/deps/libdirectories-a33391ecde097d6b.rlib --extern ed25519_dalek=/home/sixtocantolla/sessions/day-to-day/vaultwarden-contain-protected-child-processes/target/debug/deps/libed25519_dalek-33994956d41b844e.rlib --extern fs4=/home/sixtocantolla/sessions/day-to-day/vaultwarden-contain-protected-child-processes/target/debug/deps/libfs4-946ed1ee9093732a.rlib --extern getrandom=/home/sixtocantolla/sessions/day-to-day/vaultwarden-contain-protected-child-processes/target/debug/deps/libgetrandom-79d44dc8dcc3050c.rlib --extern hkdf=/home/sixtocantolla/sessions/day-to-day/vaultwarden-contain-protected-child-processes/target/debug/deps/libhkdf-dcba14d8451a02d7.rlib --extern hmac=/home/sixtocantolla/sessions/day-to-day/vaultwarden-contain-protected-child-processes/target/debug/deps/libhmac-a39fe01d6140acd2.rlib --extern keyring_core=/home/sixtocantolla/sessions/day-to-day/vaultwarden-contain-protected-child-processes/target/debug/deps/libkeyring_core-8b5421913db6ab5b.rlib --extern libc=/home/sixtocantolla/sessions/day-to-day/vaultwarden-contain-protected-child-processes/target/debug/deps/liblibc-977f0284d0fd530a.rlib --extern pbkdf2=/home/sixtocantolla/sessions/day-to-day/vaultwarden-contain-protected-child-processes/target/debug/deps/libpbkdf2-2592cefa3220a94a.rlib --extern predicates=/home/sixtocantolla/sessions/day-to-day/vaultwarden-contain-protected-child-processes/target/debug/deps/libpredicates-15036309cb92c251.rlib --extern rand=/home/sixtocantolla/sessions/day-to-day/vaultwarden-contain-protected-child-processes/target/debug/deps/librand-7360042e2e990b53.rlib --extern rand_core=/home/sixtocantolla/sessions/day-to-day/vaultwarden-contain-protected-child-processes/target/debug/deps/librand_core-ffd3a88f2751d968.rlib --extern regex=/home/sixtocantolla/sessions/day-to-day/vaultwarden-contain-protected-child-processes/target/debug/deps/libregex-684aa2a70005b5f3.rlib --extern reqwest=/home/sixtocantolla/sessions/day-to-day/vaultwarden-contain-protected-child-processes/target/debug/deps/libreqwest-0920b5cbb25e01b3.rlib --extern rpassword=/home/sixtocantolla/sessions/day-to-day/vaultwarden-contain-protected-child-processes/target/debug/deps/librpassword-967534cacf19c127.rlib --extern rsa=/home/sixtocantolla/sessions/day-to-day/vaultwarden-contain-protected-child-processes/target/debug/deps/librsa-488ee14504cf7a56.rlib --extern rstest=/home/sixtocantolla/sessions/day-to-day/vaultwarden-contain-protected-child-processes/target/debug/deps/librstest-607776e2323b0d15.rlib --extern rustls=/home/sixtocantolla/sessions/day-to-day/vaultwarden-contain-protected-child-processes/target/debug/deps/librustls-ff83b9db8137f4c6.rlib --extern serde=/home/sixtocantolla/sessions/day-to-day/vaultwarden-contain-protected-child-processes/target/debug/deps/libserde-80fde8023384323e.rlib --extern serde_json=/home/sixtocantolla/sessions/day-to-day/vaultwarden-contain-protected-child-processes/target/debug/deps/libserde_json-393d8b98de9f4aa7.rlib --extern sha1=/home/sixtocantolla/sessions/day-to-day/vaultwarden-contain-protected-child-processes/target/debug/deps/libsha1-77af1eca7b7597d3.rlib --extern sha2=/home/sixtocantolla/sessions/day-to-day/vaultwarden-contain-protected-child-processes/target/debug/deps/libsha2-c98506ab3375b936.rlib --extern tempfile=/home/sixtocantolla/sessions/day-to-day/vaultwarden-contain-protected-child-processes/target/debug/deps/libtempfile-c06742e9b2bf5323.rlib --extern thiserror=/home/sixtocantolla/sessions/day-to-day/vaultwarden-contain-protected-child-processes/target/debug/deps/libthiserror-0e8d22adff41defb.rlib --extern tokio=/home/sixtocantolla/sessions/day-to-day/vaultwarden-contain-protected-child-processes/target/debug/deps/libtokio-049ab909b3fd5cd4.rlib --extern tokio_test=/home/sixtocantolla/sessions/day-to-day/vaultwarden-contain-protected-child-processes/target/debug/deps/libtokio_test-cc3d5a1398d33181.rlib --extern vaultwarden_cli=/home/sixtocantolla/sessions/day-to-day/vaultwarden-contain-protected-child-processes/target/debug/deps/libvaultwarden_cli-65f2d5d9b71402a8.rlib --extern wiremock=/home/sixtocantolla/sessions/day-to-day/vaultwarden-contain-protected-child-processes/target/debug/deps/libwiremock-fbb69ed54141ae79.rlib --extern zeroize=/home/sixtocantolla/sessions/day-to-day/vaultwarden-contain-protected-child-processes/target/debug/deps/libzeroize-19a098a0413dc6e2.rlib -L native=/home/sixtocantolla/sessions/day-to-day/vaultwarden-contain-protected-child-processes/target/debug/build/alloca-6d6825ee6b34ecdd/out -L native=/home/sixtocantolla/sessions/day-to-day/vaultwarden-contain-protected-child-processes/target/debug/build/libdbus-sys-0af6c718bf113e4f/out -L native=/home/sixtocantolla/sessions/day-to-day/vaultwarden-contain-protected-child-processes/target/debug/build/libdbus-sys-0af6c718bf113e4f/out -L native=/home/sixtocantolla/sessions/day-to-day/vaultwarden-contain-protected-child-processes/target/debug/build/ring-28d6e2fe0e34427f/out`
     Running `/home/sixtocantolla/.rustup/toolchains/stable-x86_64-unknown-linux-gnu/bin/rustc --crate-name integration_tests --edition=2024 tests/integration_tests.rs --error-format=json --json=diagnostic-rendered-ansi,artifacts,future-incompat --emit=dep-info,link -C embed-bitcode=no -C debuginfo=line-tables-only '--deny=clippy::unused_result_ok' '--deny=clippy::unreachable' '--deny=clippy::unimplemented' --warn=unexpected_cfgs '--deny=clippy::todo' '--deny=clippy::map_err_ignore' '--deny=clippy::let_underscore_must_use' '--deny=clippy::get_unwrap' '--deny=clippy::dbg_macro' --check-cfg 'cfg(tarpaulin)' --test --check-cfg 'cfg(docsrs,test)' --check-cfg 'cfg(feature, values())' -C metadata=e406b4fa27320a3f -C extra-filename=-d6bce087e80855cc --out-dir /home/sixtocantolla/sessions/day-to-day/vaultwarden-contain-protected-child-processes/target/debug/deps -C incremental=/home/sixtocantolla/sessions/day-to-day/vaultwarden-contain-protected-child-processes/target/debug/incremental -L dependency=/home/sixtocantolla/sessions/day-to-day/vaultwarden-contain-protected-child-processes/target/debug/deps --extern aes=/home/sixtocantolla/sessions/day-to-day/vaultwarden-contain-protected-child-processes/target/debug/deps/libaes-d15c80f76e758342.rlib --extern anyhow=/home/sixtocantolla/sessions/day-to-day/vaultwarden-contain-protected-child-processes/target/debug/deps/libanyhow-dff7756bfcd0c831.rlib --extern assert_cmd=/home/sixtocantolla/sessions/day-to-day/vaultwarden-contain-protected-child-processes/target/debug/deps/libassert_cmd-fc4b8524aa9695f5.rlib --extern base64=/home/sixtocantolla/sessions/day-to-day/vaultwarden-contain-protected-child-processes/target/debug/deps/libbase64-aa23b026d75eba6d.rlib --extern cbc=/home/sixtocantolla/sessions/day-to-day/vaultwarden-contain-protected-child-processes/target/debug/deps/libcbc-244b2ff6a75c4f71.rlib --extern clap=/home/sixtocantolla/sessions/day-to-day/vaultwarden-contain-protected-child-processes/target/debug/deps/libclap-5715579ffa557b5e.rlib --extern criterion=/home/sixtocantolla/sessions/day-to-day/vaultwarden-contain-protected-child-processes/target/debug/deps/libcriterion-4b9660c4d2135b5f.rlib --extern dbus=/home/sixtocantolla/sessions/day-to-day/vaultwarden-contain-protected-child-processes/target/debug/deps/libdbus-b088074be763c01b.rlib --extern dbus_secret_service_keyring_store=/home/sixtocantolla/sessions/day-to-day/vaultwarden-contain-protected-child-processes/target/debug/deps/libdbus_secret_service_keyring_store-038cae1af6927045.rlib --extern directories=/home/sixtocantolla/sessions/day-to-day/vaultwarden-contain-protected-child-processes/target/debug/deps/libdirectories-a33391ecde097d6b.rlib --extern ed25519_dalek=/home/sixtocantolla/sessions/day-to-day/vaultwarden-contain-protected-child-processes/target/debug/deps/libed25519_dalek-33994956d41b844e.rlib --extern fs4=/home/sixtocantolla/sessions/day-to-day/vaultwarden-contain-protected-child-processes/target/debug/deps/libfs4-946ed1ee9093732a.rlib --extern getrandom=/home/sixtocantolla/sessions/day-to-day/vaultwarden-contain-protected-child-processes/target/debug/deps/libgetrandom-79d44dc8dcc3050c.rlib --extern hkdf=/home/sixtocantolla/sessions/day-to-day/vaultwarden-contain-protected-child-processes/target/debug/deps/libhkdf-dcba14d8451a02d7.rlib --extern hmac=/home/sixtocantolla/sessions/day-to-day/vaultwarden-contain-protected-child-processes/target/debug/deps/libhmac-a39fe01d6140acd2.rlib --extern keyring_core=/home/sixtocantolla/sessions/day-to-day/vaultwarden-contain-protected-child-processes/target/debug/deps/libkeyring_core-8b5421913db6ab5b.rlib --extern libc=/home/sixtocantolla/sessions/day-to-day/vaultwarden-contain-protected-child-processes/target/debug/deps/liblibc-977f0284d0fd530a.rlib --extern pbkdf2=/home/sixtocantolla/sessions/day-to-day/vaultwarden-contain-protected-child-processes/target/debug/deps/libpbkdf2-2592cefa3220a94a.rlib --extern predicates=/home/sixtocantolla/sessions/day-to-day/vaultwarden-contain-protected-child-processes/target/debug/deps/libpredicates-15036309cb92c251.rlib --extern rand=/home/sixtocantolla/sessions/day-to-day/vaultwarden-contain-protected-child-processes/target/debug/deps/librand-7360042e2e990b53.rlib --extern rand_core=/home/sixtocantolla/sessions/day-to-day/vaultwarden-contain-protected-child-processes/target/debug/deps/librand_core-ffd3a88f2751d968.rlib --extern regex=/home/sixtocantolla/sessions/day-to-day/vaultwarden-contain-protected-child-processes/target/debug/deps/libregex-684aa2a70005b5f3.rlib --extern reqwest=/home/sixtocantolla/sessions/day-to-day/vaultwarden-contain-protected-child-processes/target/debug/deps/libreqwest-0920b5cbb25e01b3.rlib --extern rpassword=/home/sixtocantolla/sessions/day-to-day/vaultwarden-contain-protected-child-processes/target/debug/deps/librpassword-967534cacf19c127.rlib --extern rsa=/home/sixtocantolla/sessions/day-to-day/vaultwarden-contain-protected-child-processes/target/debug/deps/librsa-488ee14504cf7a56.rlib --extern rstest=/home/sixtocantolla/sessions/day-to-day/vaultwarden-contain-protected-child-processes/target/debug/deps/librstest-607776e2323b0d15.rlib --extern rustls=/home/sixtocantolla/sessions/day-to-day/vaultwarden-contain-protected-child-processes/target/debug/deps/librustls-ff83b9db8137f4c6.rlib --extern serde=/home/sixtocantolla/sessions/day-to-day/vaultwarden-contain-protected-child-processes/target/debug/deps/libserde-80fde8023384323e.rlib --extern serde_json=/home/sixtocantolla/sessions/day-to-day/vaultwarden-contain-protected-child-processes/target/debug/deps/libserde_json-393d8b98de9f4aa7.rlib --extern sha1=/home/sixtocantolla/sessions/day-to-day/vaultwarden-contain-protected-child-processes/target/debug/deps/libsha1-77af1eca7b7597d3.rlib --extern sha2=/home/sixtocantolla/sessions/day-to-day/vaultwarden-contain-protected-child-processes/target/debug/deps/libsha2-c98506ab3375b936.rlib --extern tempfile=/home/sixtocantolla/sessions/day-to-day/vaultwarden-contain-protected-child-processes/target/debug/deps/libtempfile-c06742e9b2bf5323.rlib --extern thiserror=/home/sixtocantolla/sessions/day-to-day/vaultwarden-contain-protected-child-processes/target/debug/deps/libthiserror-0e8d22adff41defb.rlib --extern tokio=/home/sixtocantolla/sessions/day-to-day/vaultwarden-contain-protected-child-processes/target/debug/deps/libtokio-049ab909b3fd5cd4.rlib --extern tokio_test=/home/sixtocantolla/sessions/day-to-day/vaultwarden-contain-protected-child-processes/target/debug/deps/libtokio_test-cc3d5a1398d33181.rlib --extern vaultwarden_cli=/home/sixtocantolla/sessions/day-to-day/vaultwarden-contain-protected-child-processes/target/debug/deps/libvaultwarden_cli-65f2d5d9b71402a8.rlib --extern wiremock=/home/sixtocantolla/sessions/day-to-day/vaultwarden-contain-protected-child-processes/target/debug/deps/libwiremock-fbb69ed54141ae79.rlib --extern zeroize=/home/sixtocantolla/sessions/day-to-day/vaultwarden-contain-protected-child-processes/target/debug/deps/libzeroize-19a098a0413dc6e2.rlib -L native=/home/sixtocantolla/sessions/day-to-day/vaultwarden-contain-protected-child-processes/target/debug/build/alloca-6d6825ee6b34ecdd/out -L native=/home/sixtocantolla/sessions/day-to-day/vaultwarden-contain-protected-child-processes/target/debug/build/libdbus-sys-0af6c718bf113e4f/out -L native=/home/sixtocantolla/sessions/day-to-day/vaultwarden-contain-protected-child-processes/target/debug/build/libdbus-sys-0af6c718bf113e4f/out -L native=/home/sixtocantolla/sessions/day-to-day/vaultwarden-contain-protected-child-processes/target/debug/build/ring-28d6e2fe0e34427f/out`
     Running `/home/sixtocantolla/.rustup/toolchains/stable-x86_64-unknown-linux-gnu/bin/rustc --crate-name vaultwarden_access_exec --edition=2024 src/bin/vaultwarden-access-exec.rs --error-format=json --json=diagnostic-rendered-ansi,artifacts,future-incompat --emit=dep-info,link -C embed-bitcode=no -C debuginfo=line-tables-only '--deny=clippy::unused_result_ok' '--deny=clippy::unreachable' '--deny=clippy::unimplemented' --warn=unexpected_cfgs '--deny=clippy::todo' '--deny=clippy::map_err_ignore' '--deny=clippy::let_underscore_must_use' '--deny=clippy::get_unwrap' '--deny=clippy::dbg_macro' --check-cfg 'cfg(tarpaulin)' --test --check-cfg 'cfg(docsrs,test)' --check-cfg 'cfg(feature, values())' -C metadata=18d0a8be74868fad -C extra-filename=-102123d5babec7ce --out-dir /home/sixtocantolla/sessions/day-to-day/vaultwarden-contain-protected-child-processes/target/debug/deps -C incremental=/home/sixtocantolla/sessions/day-to-day/vaultwarden-contain-protected-child-processes/target/debug/incremental -L dependency=/home/sixtocantolla/sessions/day-to-day/vaultwarden-contain-protected-child-processes/target/debug/deps --extern aes=/home/sixtocantolla/sessions/day-to-day/vaultwarden-contain-protected-child-processes/target/debug/deps/libaes-d15c80f76e758342.rlib --extern anyhow=/home/sixtocantolla/sessions/day-to-day/vaultwarden-contain-protected-child-processes/target/debug/deps/libanyhow-dff7756bfcd0c831.rlib --extern assert_cmd=/home/sixtocantolla/sessions/day-to-day/vaultwarden-contain-protected-child-processes/target/debug/deps/libassert_cmd-fc4b8524aa9695f5.rlib --extern base64=/home/sixtocantolla/sessions/day-to-day/vaultwarden-contain-protected-child-processes/target/debug/deps/libbase64-aa23b026d75eba6d.rlib --extern cbc=/home/sixtocantolla/sessions/day-to-day/vaultwarden-contain-protected-child-processes/target/debug/deps/libcbc-244b2ff6a75c4f71.rlib --extern clap=/home/sixtocantolla/sessions/day-to-day/vaultwarden-contain-protected-child-processes/target/debug/deps/libclap-5715579ffa557b5e.rlib --extern criterion=/home/sixtocantolla/sessions/day-to-day/vaultwarden-contain-protected-child-processes/target/debug/deps/libcriterion-4b9660c4d2135b5f.rlib --extern dbus=/home/sixtocantolla/sessions/day-to-day/vaultwarden-contain-protected-child-processes/target/debug/deps/libdbus-b088074be763c01b.rlib --extern dbus_secret_service_keyring_store=/home/sixtocantolla/sessions/day-to-day/vaultwarden-contain-protected-child-processes/target/debug/deps/libdbus_secret_service_keyring_store-038cae1af6927045.rlib --extern directories=/home/sixtocantolla/sessions/day-to-day/vaultwarden-contain-protected-child-processes/target/debug/deps/libdirectories-a33391ecde097d6b.rlib --extern ed25519_dalek=/home/sixtocantolla/sessions/day-to-day/vaultwarden-contain-protected-child-processes/target/debug/deps/libed25519_dalek-33994956d41b844e.rlib --extern fs4=/home/sixtocantolla/sessions/day-to-day/vaultwarden-contain-protected-child-processes/target/debug/deps/libfs4-946ed1ee9093732a.rlib --extern getrandom=/home/sixtocantolla/sessions/day-to-day/vaultwarden-contain-protected-child-processes/target/debug/deps/libgetrandom-79d44dc8dcc3050c.rlib --extern hkdf=/home/sixtocantolla/sessions/day-to-day/vaultwarden-contain-protected-child-processes/target/debug/deps/libhkdf-dcba14d8451a02d7.rlib --extern hmac=/home/sixtocantolla/sessions/day-to-day/vaultwarden-contain-protected-child-processes/target/debug/deps/libhmac-a39fe01d6140acd2.rlib --extern keyring_core=/home/sixtocantolla/sessions/day-to-day/vaultwarden-contain-protected-child-processes/target/debug/deps/libkeyring_core-8b5421913db6ab5b.rlib --extern libc=/home/sixtocantolla/sessions/day-to-day/vaultwarden-contain-protected-child-processes/target/debug/deps/liblibc-977f0284d0fd530a.rlib --extern pbkdf2=/home/sixtocantolla/sessions/day-to-day/vaultwarden-contain-protected-child-processes/target/debug/deps/libpbkdf2-2592cefa3220a94a.rlib --extern predicates=/home/sixtocantolla/sessions/day-to-day/vaultwarden-contain-protected-child-processes/target/debug/deps/libpredicates-15036309cb92c251.rlib --extern rand=/home/sixtocantolla/sessions/day-to-day/vaultwarden-contain-protected-child-processes/target/debug/deps/librand-7360042e2e990b53.rlib --extern rand_core=/home/sixtocantolla/sessions/day-to-day/vaultwarden-contain-protected-child-processes/target/debug/deps/librand_core-ffd3a88f2751d968.rlib --extern regex=/home/sixtocantolla/sessions/day-to-day/vaultwarden-contain-protected-child-processes/target/debug/deps/libregex-684aa2a70005b5f3.rlib --extern reqwest=/home/sixtocantolla/sessions/day-to-day/vaultwarden-contain-protected-child-processes/target/debug/deps/libreqwest-0920b5cbb25e01b3.rlib --extern rpassword=/home/sixtocantolla/sessions/day-to-day/vaultwarden-contain-protected-child-processes/target/debug/deps/librpassword-967534cacf19c127.rlib --extern rsa=/home/sixtocantolla/sessions/day-to-day/vaultwarden-contain-protected-child-processes/target/debug/deps/librsa-488ee14504cf7a56.rlib --extern rstest=/home/sixtocantolla/sessions/day-to-day/vaultwarden-contain-protected-child-processes/target/debug/deps/librstest-607776e2323b0d15.rlib --extern rustls=/home/sixtocantolla/sessions/day-to-day/vaultwarden-contain-protected-child-processes/target/debug/deps/librustls-ff83b9db8137f4c6.rlib --extern serde=/home/sixtocantolla/sessions/day-to-day/vaultwarden-contain-protected-child-processes/target/debug/deps/libserde-80fde8023384323e.rlib --extern serde_json=/home/sixtocantolla/sessions/day-to-day/vaultwarden-contain-protected-child-processes/target/debug/deps/libserde_json-393d8b98de9f4aa7.rlib --extern sha1=/home/sixtocantolla/sessions/day-to-day/vaultwarden-contain-protected-child-processes/target/debug/deps/libsha1-77af1eca7b7597d3.rlib --extern sha2=/home/sixtocantolla/sessions/day-to-day/vaultwarden-contain-protected-child-processes/target/debug/deps/libsha2-c98506ab3375b936.rlib --extern tempfile=/home/sixtocantolla/sessions/day-to-day/vaultwarden-contain-protected-child-processes/target/debug/deps/libtempfile-c06742e9b2bf5323.rlib --extern thiserror=/home/sixtocantolla/sessions/day-to-day/vaultwarden-contain-protected-child-processes/target/debug/deps/libthiserror-0e8d22adff41defb.rlib --extern tokio=/home/sixtocantolla/sessions/day-to-day/vaultwarden-contain-protected-child-processes/target/debug/deps/libtokio-049ab909b3fd5cd4.rlib --extern tokio_test=/home/sixtocantolla/sessions/day-to-day/vaultwarden-contain-protected-child-processes/target/debug/deps/libtokio_test-cc3d5a1398d33181.rlib --extern vaultwarden_cli=/home/sixtocantolla/sessions/day-to-day/vaultwarden-contain-protected-child-processes/target/debug/deps/libvaultwarden_cli-65f2d5d9b71402a8.rlib --extern wiremock=/home/sixtocantolla/sessions/day-to-day/vaultwarden-contain-protected-child-processes/target/debug/deps/libwiremock-fbb69ed54141ae79.rlib --extern zeroize=/home/sixtocantolla/sessions/day-to-day/vaultwarden-contain-protected-child-processes/target/debug/deps/libzeroize-19a098a0413dc6e2.rlib -L native=/home/sixtocantolla/sessions/day-to-day/vaultwarden-contain-protected-child-processes/target/debug/build/alloca-6d6825ee6b34ecdd/out -L native=/home/sixtocantolla/sessions/day-to-day/vaultwarden-contain-protected-child-processes/target/debug/build/libdbus-sys-0af6c718bf113e4f/out -L native=/home/sixtocantolla/sessions/day-to-day/vaultwarden-contain-protected-child-processes/target/debug/build/libdbus-sys-0af6c718bf113e4f/out -L native=/home/sixtocantolla/sessions/day-to-day/vaultwarden-contain-protected-child-processes/target/debug/build/ring-28d6e2fe0e34427f/out`
     Running `/home/sixtocantolla/.rustup/toolchains/stable-x86_64-unknown-linux-gnu/bin/rustc --crate-name vaultwarden_accessd --edition=2024 src/bin/vaultwarden-accessd.rs --error-format=json --json=diagnostic-rendered-ansi,artifacts,future-incompat --emit=dep-info,link -C embed-bitcode=no -C debuginfo=line-tables-only '--deny=clippy::unused_result_ok' '--deny=clippy::unreachable' '--deny=clippy::unimplemented' --warn=unexpected_cfgs '--deny=clippy::todo' '--deny=clippy::map_err_ignore' '--deny=clippy::let_underscore_must_use' '--deny=clippy::get_unwrap' '--deny=clippy::dbg_macro' --check-cfg 'cfg(tarpaulin)' --test --check-cfg 'cfg(docsrs,test)' --check-cfg 'cfg(feature, values())' -C metadata=c52582432fe591f8 -C extra-filename=-d6572c4f4e041d2e --out-dir /home/sixtocantolla/sessions/day-to-day/vaultwarden-contain-protected-child-processes/target/debug/deps -C incremental=/home/sixtocantolla/sessions/day-to-day/vaultwarden-contain-protected-child-processes/target/debug/incremental -L dependency=/home/sixtocantolla/sessions/day-to-day/vaultwarden-contain-protected-child-processes/target/debug/deps --extern aes=/home/sixtocantolla/sessions/day-to-day/vaultwarden-contain-protected-child-processes/target/debug/deps/libaes-d15c80f76e758342.rlib --extern anyhow=/home/sixtocantolla/sessions/day-to-day/vaultwarden-contain-protected-child-processes/target/debug/deps/libanyhow-dff7756bfcd0c831.rlib --extern assert_cmd=/home/sixtocantolla/sessions/day-to-day/vaultwarden-contain-protected-child-processes/target/debug/deps/libassert_cmd-fc4b8524aa9695f5.rlib --extern base64=/home/sixtocantolla/sessions/day-to-day/vaultwarden-contain-protected-child-processes/target/debug/deps/libbase64-aa23b026d75eba6d.rlib --extern cbc=/home/sixtocantolla/sessions/day-to-day/vaultwarden-contain-protected-child-processes/target/debug/deps/libcbc-244b2ff6a75c4f71.rlib --extern clap=/home/sixtocantolla/sessions/day-to-day/vaultwarden-contain-protected-child-processes/target/debug/deps/libclap-5715579ffa557b5e.rlib --extern criterion=/home/sixtocantolla/sessions/day-to-day/vaultwarden-contain-protected-child-processes/target/debug/deps/libcriterion-4b9660c4d2135b5f.rlib --extern dbus=/home/sixtocantolla/sessions/day-to-day/vaultwarden-contain-protected-child-processes/target/debug/deps/libdbus-b088074be763c01b.rlib --extern dbus_secret_service_keyring_store=/home/sixtocantolla/sessions/day-to-day/vaultwarden-contain-protected-child-processes/target/debug/deps/libdbus_secret_service_keyring_store-038cae1af6927045.rlib --extern directories=/home/sixtocantolla/sessions/day-to-day/vaultwarden-contain-protected-child-processes/target/debug/deps/libdirectories-a33391ecde097d6b.rlib --extern ed25519_dalek=/home/sixtocantolla/sessions/day-to-day/vaultwarden-contain-protected-child-processes/target/debug/deps/libed25519_dalek-33994956d41b844e.rlib --extern fs4=/home/sixtocantolla/sessions/day-to-day/vaultwarden-contain-protected-child-processes/target/debug/deps/libfs4-946ed1ee9093732a.rlib --extern getrandom=/home/sixtocantolla/sessions/day-to-day/vaultwarden-contain-protected-child-processes/target/debug/deps/libgetrandom-79d44dc8dcc3050c.rlib --extern hkdf=/home/sixtocantolla/sessions/day-to-day/vaultwarden-contain-protected-child-processes/target/debug/deps/libhkdf-dcba14d8451a02d7.rlib --extern hmac=/home/sixtocantolla/sessions/day-to-day/vaultwarden-contain-protected-child-processes/target/debug/deps/libhmac-a39fe01d6140acd2.rlib --extern keyring_core=/home/sixtocantolla/sessions/day-to-day/vaultwarden-contain-protected-child-processes/target/debug/deps/libkeyring_core-8b5421913db6ab5b.rlib --extern libc=/home/sixtocantolla/sessions/day-to-day/vaultwarden-contain-protected-child-processes/target/debug/deps/liblibc-977f0284d0fd530a.rlib --extern pbkdf2=/home/sixtocantolla/sessions/day-to-day/vaultwarden-contain-protected-child-processes/target/debug/deps/libpbkdf2-2592cefa3220a94a.rlib --extern predicates=/home/sixtocantolla/sessions/day-to-day/vaultwarden-contain-protected-child-processes/target/debug/deps/libpredicates-15036309cb92c251.rlib --extern rand=/home/sixtocantolla/sessions/day-to-day/vaultwarden-contain-protected-child-processes/target/debug/deps/librand-7360042e2e990b53.rlib --extern rand_core=/home/sixtocantolla/sessions/day-to-day/vaultwarden-contain-protected-child-processes/target/debug/deps/librand_core-ffd3a88f2751d968.rlib --extern regex=/home/sixtocantolla/sessions/day-to-day/vaultwarden-contain-protected-child-processes/target/debug/deps/libregex-684aa2a70005b5f3.rlib --extern reqwest=/home/sixtocantolla/sessions/day-to-day/vaultwarden-contain-protected-child-processes/target/debug/deps/libreqwest-0920b5cbb25e01b3.rlib --extern rpassword=/home/sixtocantolla/sessions/day-to-day/vaultwarden-contain-protected-child-processes/target/debug/deps/librpassword-967534cacf19c127.rlib --extern rsa=/home/sixtocantolla/sessions/day-to-day/vaultwarden-contain-protected-child-processes/target/debug/deps/librsa-488ee14504cf7a56.rlib --extern rstest=/home/sixtocantolla/sessions/day-to-day/vaultwarden-contain-protected-child-processes/target/debug/deps/librstest-607776e2323b0d15.rlib --extern rustls=/home/sixtocantolla/sessions/day-to-day/vaultwarden-contain-protected-child-processes/target/debug/deps/librustls-ff83b9db8137f4c6.rlib --extern serde=/home/sixtocantolla/sessions/day-to-day/vaultwarden-contain-protected-child-processes/target/debug/deps/libserde-80fde8023384323e.rlib --extern serde_json=/home/sixtocantolla/sessions/day-to-day/vaultwarden-contain-protected-child-processes/target/debug/deps/libserde_json-393d8b98de9f4aa7.rlib --extern sha1=/home/sixtocantolla/sessions/day-to-day/vaultwarden-contain-protected-child-processes/target/debug/deps/libsha1-77af1eca7b7597d3.rlib --extern sha2=/home/sixtocantolla/sessions/day-to-day/vaultwarden-contain-protected-child-processes/target/debug/deps/libsha2-c98506ab3375b936.rlib --extern tempfile=/home/sixtocantolla/sessions/day-to-day/vaultwarden-contain-protected-child-processes/target/debug/deps/libtempfile-c06742e9b2bf5323.rlib --extern thiserror=/home/sixtocantolla/sessions/day-to-day/vaultwarden-contain-protected-child-processes/target/debug/deps/libthiserror-0e8d22adff41defb.rlib --extern tokio=/home/sixtocantolla/sessions/day-to-day/vaultwarden-contain-protected-child-processes/target/debug/deps/libtokio-049ab909b3fd5cd4.rlib --extern tokio_test=/home/sixtocantolla/sessions/day-to-day/vaultwarden-contain-protected-child-processes/target/debug/deps/libtokio_test-cc3d5a1398d33181.rlib --extern vaultwarden_cli=/home/sixtocantolla/sessions/day-to-day/vaultwarden-contain-protected-child-processes/target/debug/deps/libvaultwarden_cli-65f2d5d9b71402a8.rlib --extern wiremock=/home/sixtocantolla/sessions/day-to-day/vaultwarden-contain-protected-child-processes/target/debug/deps/libwiremock-fbb69ed54141ae79.rlib --extern zeroize=/home/sixtocantolla/sessions/day-to-day/vaultwarden-contain-protected-child-processes/target/debug/deps/libzeroize-19a098a0413dc6e2.rlib -L native=/home/sixtocantolla/sessions/day-to-day/vaultwarden-contain-protected-child-processes/target/debug/build/alloca-6d6825ee6b34ecdd/out -L native=/home/sixtocantolla/sessions/day-to-day/vaultwarden-contain-protected-child-processes/target/debug/build/libdbus-sys-0af6c718bf113e4f/out -L native=/home/sixtocantolla/sessions/day-to-day/vaultwarden-contain-protected-child-processes/target/debug/build/libdbus-sys-0af6c718bf113e4f/out -L native=/home/sixtocantolla/sessions/day-to-day/vaultwarden-contain-protected-child-processes/target/debug/build/ring-28d6e2fe0e34427f/out`
     Running `/home/sixtocantolla/.rustup/toolchains/stable-x86_64-unknown-linux-gnu/bin/rustc --crate-name direct_request --edition=2024 tests/direct_request.rs --error-format=json --json=diagnostic-rendered-ansi,artifacts,future-incompat --emit=dep-info,link -C embed-bitcode=no -C debuginfo=line-tables-only '--deny=clippy::unused_result_ok' '--deny=clippy::unreachable' '--deny=clippy::unimplemented' --warn=unexpected_cfgs '--deny=clippy::todo' '--deny=clippy::map_err_ignore' '--deny=clippy::let_underscore_must_use' '--deny=clippy::get_unwrap' '--deny=clippy::dbg_macro' --check-cfg 'cfg(tarpaulin)' --test --check-cfg 'cfg(docsrs,test)' --check-cfg 'cfg(feature, values())' -C metadata=80a0ab3ec0e1cf3c -C extra-filename=-2e172f4d8ad3fe55 --out-dir /home/sixtocantolla/sessions/day-to-day/vaultwarden-contain-protected-child-processes/target/debug/deps -C incremental=/home/sixtocantolla/sessions/day-to-day/vaultwarden-contain-protected-child-processes/target/debug/incremental -L dependency=/home/sixtocantolla/sessions/day-to-day/vaultwarden-contain-protected-child-processes/target/debug/deps --extern aes=/home/sixtocantolla/sessions/day-to-day/vaultwarden-contain-protected-child-processes/target/debug/deps/libaes-d15c80f76e758342.rlib --extern anyhow=/home/sixtocantolla/sessions/day-to-day/vaultwarden-contain-protected-child-processes/target/debug/deps/libanyhow-dff7756bfcd0c831.rlib --extern assert_cmd=/home/sixtocantolla/sessions/day-to-day/vaultwarden-contain-protected-child-processes/target/debug/deps/libassert_cmd-fc4b8524aa9695f5.rlib --extern base64=/home/sixtocantolla/sessions/day-to-day/vaultwarden-contain-protected-child-processes/target/debug/deps/libbase64-aa23b026d75eba6d.rlib --extern cbc=/home/sixtocantolla/sessions/day-to-day/vaultwarden-contain-protected-child-processes/target/debug/deps/libcbc-244b2ff6a75c4f71.rlib --extern clap=/home/sixtocantolla/sessions/day-to-day/vaultwarden-contain-protected-child-processes/target/debug/deps/libclap-5715579ffa557b5e.rlib --extern criterion=/home/sixtocantolla/sessions/day-to-day/vaultwarden-contain-protected-child-processes/target/debug/deps/libcriterion-4b9660c4d2135b5f.rlib --extern dbus=/home/sixtocantolla/sessions/day-to-day/vaultwarden-contain-protected-child-processes/target/debug/deps/libdbus-b088074be763c01b.rlib --extern dbus_secret_service_keyring_store=/home/sixtocantolla/sessions/day-to-day/vaultwarden-contain-protected-child-processes/target/debug/deps/libdbus_secret_service_keyring_store-038cae1af6927045.rlib --extern directories=/home/sixtocantolla/sessions/day-to-day/vaultwarden-contain-protected-child-processes/target/debug/deps/libdirectories-a33391ecde097d6b.rlib --extern ed25519_dalek=/home/sixtocantolla/sessions/day-to-day/vaultwarden-contain-protected-child-processes/target/debug/deps/libed25519_dalek-33994956d41b844e.rlib --extern fs4=/home/sixtocantolla/sessions/day-to-day/vaultwarden-contain-protected-child-processes/target/debug/deps/libfs4-946ed1ee9093732a.rlib --extern getrandom=/home/sixtocantolla/sessions/day-to-day/vaultwarden-contain-protected-child-processes/target/debug/deps/libgetrandom-79d44dc8dcc3050c.rlib --extern hkdf=/home/sixtocantolla/sessions/day-to-day/vaultwarden-contain-protected-child-processes/target/debug/deps/libhkdf-dcba14d8451a02d7.rlib --extern hmac=/home/sixtocantolla/sessions/day-to-day/vaultwarden-contain-protected-child-processes/target/debug/deps/libhmac-a39fe01d6140acd2.rlib --extern keyring_core=/home/sixtocantolla/sessions/day-to-day/vaultwarden-contain-protected-child-processes/target/debug/deps/libkeyring_core-8b5421913db6ab5b.rlib --extern libc=/home/sixtocantolla/sessions/day-to-day/vaultwarden-contain-protected-child-processes/target/debug/deps/liblibc-977f0284d0fd530a.rlib --extern pbkdf2=/home/sixtocantolla/sessions/day-to-day/vaultwarden-contain-protected-child-processes/target/debug/deps/libpbkdf2-2592cefa3220a94a.rlib --extern predicates=/home/sixtocantolla/sessions/day-to-day/vaultwarden-contain-protected-child-processes/target/debug/deps/libpredicates-15036309cb92c251.rlib --extern rand=/home/sixtocantolla/sessions/day-to-day/vaultwarden-contain-protected-child-processes/target/debug/deps/librand-7360042e2e990b53.rlib --extern rand_core=/home/sixtocantolla/sessions/day-to-day/vaultwarden-contain-protected-child-processes/target/debug/deps/librand_core-ffd3a88f2751d968.rlib --extern regex=/home/sixtocantolla/sessions/day-to-day/vaultwarden-contain-protected-child-processes/target/debug/deps/libregex-684aa2a70005b5f3.rlib --extern reqwest=/home/sixtocantolla/sessions/day-to-day/vaultwarden-contain-protected-child-processes/target/debug/deps/libreqwest-0920b5cbb25e01b3.rlib --extern rpassword=/home/sixtocantolla/sessions/day-to-day/vaultwarden-contain-protected-child-processes/target/debug/deps/librpassword-967534cacf19c127.rlib --extern rsa=/home/sixtocantolla/sessions/day-to-day/vaultwarden-contain-protected-child-processes/target/debug/deps/librsa-488ee14504cf7a56.rlib --extern rstest=/home/sixtocantolla/sessions/day-to-day/vaultwarden-contain-protected-child-processes/target/debug/deps/librstest-607776e2323b0d15.rlib --extern rustls=/home/sixtocantolla/sessions/day-to-day/vaultwarden-contain-protected-child-processes/target/debug/deps/librustls-ff83b9db8137f4c6.rlib --extern serde=/home/sixtocantolla/sessions/day-to-day/vaultwarden-contain-protected-child-processes/target/debug/deps/libserde-80fde8023384323e.rlib --extern serde_json=/home/sixtocantolla/sessions/day-to-day/vaultwarden-contain-protected-child-processes/target/debug/deps/libserde_json-393d8b98de9f4aa7.rlib --extern sha1=/home/sixtocantolla/sessions/day-to-day/vaultwarden-contain-protected-child-processes/target/debug/deps/libsha1-77af1eca7b7597d3.rlib --extern sha2=/home/sixtocantolla/sessions/day-to-day/vaultwarden-contain-protected-child-processes/target/debug/deps/libsha2-c98506ab3375b936.rlib --extern tempfile=/home/sixtocantolla/sessions/day-to-day/vaultwarden-contain-protected-child-processes/target/debug/deps/libtempfile-c06742e9b2bf5323.rlib --extern thiserror=/home/sixtocantolla/sessions/day-to-day/vaultwarden-contain-protected-child-processes/target/debug/deps/libthiserror-0e8d22adff41defb.rlib --extern tokio=/home/sixtocantolla/sessions/day-to-day/vaultwarden-contain-protected-child-processes/target/debug/deps/libtokio-049ab909b3fd5cd4.rlib --extern tokio_test=/home/sixtocantolla/sessions/day-to-day/vaultwarden-contain-protected-child-processes/target/debug/deps/libtokio_test-cc3d5a1398d33181.rlib --extern vaultwarden_cli=/home/sixtocantolla/sessions/day-to-day/vaultwarden-contain-protected-child-processes/target/debug/deps/libvaultwarden_cli-65f2d5d9b71402a8.rlib --extern wiremock=/home/sixtocantolla/sessions/day-to-day/vaultwarden-contain-protected-child-processes/target/debug/deps/libwiremock-fbb69ed54141ae79.rlib --extern zeroize=/home/sixtocantolla/sessions/day-to-day/vaultwarden-contain-protected-child-processes/target/debug/deps/libzeroize-19a098a0413dc6e2.rlib -L native=/home/sixtocantolla/sessions/day-to-day/vaultwarden-contain-protected-child-processes/target/debug/build/alloca-6d6825ee6b34ecdd/out -L native=/home/sixtocantolla/sessions/day-to-day/vaultwarden-contain-protected-child-processes/target/debug/build/libdbus-sys-0af6c718bf113e4f/out -L native=/home/sixtocantolla/sessions/day-to-day/vaultwarden-contain-protected-child-processes/target/debug/build/libdbus-sys-0af6c718bf113e4f/out -L native=/home/sixtocantolla/sessions/day-to-day/vaultwarden-contain-protected-child-processes/target/debug/build/ring-28d6e2fe0e34427f/out`
    Finished `test` profile [unoptimized + debuginfo] target(s) in 16.80s
  Executable `/home/sixtocantolla/sessions/day-to-day/vaultwarden-contain-protected-child-processes/target/debug/deps/vaultwarden_cli-e3f6bc7a555f4483`
  Executable `/home/sixtocantolla/sessions/day-to-day/vaultwarden-contain-protected-child-processes/target/debug/deps/vaultwarden_access_exec-102123d5babec7ce`
  Executable `/home/sixtocantolla/sessions/day-to-day/vaultwarden-contain-protected-child-processes/target/debug/deps/vaultwarden_accessd-d6572c4f4e041d2e`
  Executable `/home/sixtocantolla/sessions/day-to-day/vaultwarden-contain-protected-child-processes/target/debug/deps/vaultwarden_cli-94d5814b7b18fe88`
  Executable `/home/sixtocantolla/sessions/day-to-day/vaultwarden-contain-protected-child-processes/target/debug/deps/vw_access-eb418e62f47a6181`
  Executable `/home/sixtocantolla/sessions/day-to-day/vaultwarden-contain-protected-child-processes/target/debug/deps/api_client-df07a9d59f5ae147`
  Executable `/home/sixtocantolla/sessions/day-to-day/vaultwarden-contain-protected-child-processes/target/debug/deps/cli-a8f8fd1fc521191c`
  Executable `/home/sixtocantolla/sessions/day-to-day/vaultwarden-contain-protected-child-processes/target/debug/deps/command_basic-2ad4ff45127c5ff7`
  Executable `/home/sixtocantolla/sessions/day-to-day/vaultwarden-contain-protected-child-processes/target/debug/deps/config_edge-8610f185e9394813`
  Executable `/home/sixtocantolla/sessions/day-to-day/vaultwarden-contain-protected-child-processes/target/debug/deps/direct_request-2e172f4d8ad3fe55`
  Executable `/home/sixtocantolla/sessions/day-to-day/vaultwarden-contain-protected-child-processes/target/debug/deps/human_cli-56a1bc3000b21e1b`
  Executable `/home/sixtocantolla/sessions/day-to-day/vaultwarden-contain-protected-child-processes/target/debug/deps/integration_tests-d6bce087e80855cc`
  Executable `/home/sixtocantolla/sessions/day-to-day/vaultwarden-contain-protected-child-processes/target/debug/deps/live_tests-2b8522b1d9e7604c`
  Executable `/home/sixtocantolla/sessions/day-to-day/vaultwarden-contain-protected-child-processes/target/debug/deps/msrv_docs-de514cdb569ed842`
  Executable `/home/sixtocantolla/sessions/day-to-day/vaultwarden-contain-protected-child-processes/target/debug/deps/provider_session-2ed0798291b44b6b`
  Executable `/home/sixtocantolla/sessions/day-to-day/vaultwarden-contain-protected-child-processes/target/debug/deps/safety_checks-36a56be4d6246dd1`
  Executable `/home/sixtocantolla/sessions/day-to-day/vaultwarden-contain-protected-child-processes/target/debug/deps/systemd_supervisor-48ba7792a1e4a7c1`
  Executable `/home/sixtocantolla/sessions/day-to-day/vaultwarden-contain-protected-child-processes/target/debug/deps/unsupported_provider_platform-a6e859e4efcddfc3`

*** result: Success

*** /home/sixtocantolla/.rustup/toolchains/stable-x86_64-unknown-linux-gnu/bin/cargo test --verbose --package=vaultwarden-cli@0.5.4 --offline --locked --lib adapters::supervisor::manager::tests
       Fresh unicode-ident v1.0.24
       Fresh cfg-if v1.0.4
       Fresh typenum v1.20.1
       Fresh find-msvc-tools v0.1.11
       Fresh shlex v2.0.1
       Fresh proc-macro2 v1.0.107
       Fresh cc v1.4.4
       Fresh pin-project-lite v0.2.17
       Fresh version_check v0.9.5
       Fresh rand_core v0.10.1
       Fresh futures-core v0.3.34
       Fresh quote v1.0.47
       Fresh libc v0.2.189
       Fresh autocfg v1.5.1
       Fresh bytes v1.12.1
       Fresh stable_deref_trait v1.2.1
       Fresh hybrid-array v0.4.14
       Fresh itoa v1.0.18
       Fresh syn v2.0.119
       Fresh syn v3.0.4
       Fresh getrandom v0.4.3
       Fresh errno v0.3.14
       Fresh mio v1.2.2
       Fresh socket2 v0.6.5
       Fresh futures-sink v0.3.34
       Fresh zeroize_derive v1.5.0
       Fresh synstructure v0.13.2
       Fresh generic-array v0.14.7
       Fresh signal-hook-registry v1.4.8
       Fresh tokio-macros v2.7.2
       Fresh zerovec-derive v0.11.6
       Fresh once_cell v1.21.4
       Fresh displaydoc v0.2.7
       Fresh zeroize v1.9.0
       Fresh zerofrom-derive v0.1.7
       Fresh yoke-derive v0.8.2
       Fresh num-traits v0.2.19
       Fresh tokio v1.53.1
       Fresh subtle v2.6.1
       Fresh slab v0.4.12
       Fresh const-oid v0.10.2
       Fresh crypto-common v0.1.7
       Fresh zerofrom v0.1.8
       Fresh crypto-common v0.2.2
       Fresh futures-channel v0.3.34
       Fresh cmov v0.5.4
       Fresh hashbrown v0.17.1
       Fresh equivalent v1.0.2
       Fresh regex-syntax v0.8.11
       Fresh futures-macro v0.3.34
       Fresh yoke v0.8.3
       Fresh ctutils v0.4.2
       Fresh indexmap v2.14.0
       Fresh smallvec v1.15.2
       Fresh futures-io v0.3.34
       Fresh litemap v0.8.3
       Fresh futures-task v0.3.34
       Fresh writeable v0.6.4
       Fresh zerovec v0.11.8
       Fresh zerotrie v0.2.5
       Fresh futures-util v0.3.34
       Fresh serde_core v1.0.229
       Fresh http v1.5.0
       Fresh utf8_iter v1.0.4
       Fresh semver v1.0.28
       Fresh tinystr v0.8.4
       Fresh potential_utf v0.1.6
       Fresh rustc_version v0.4.1
       Fresh block-buffer v0.10.4
       Fresh serde_derive v1.0.229
       Fresh icu_locale_core v2.3.0
       Fresh icu_collections v2.3.0
       Fresh block-buffer v0.12.1
       Fresh percent-encoding v2.3.2
       Fresh icu_normalizer_data v2.3.0
       Fresh digest v0.10.7
       Fresh icu_provider v2.3.1
       Fresh digest v0.11.3
       Fresh icu_properties_data v2.3.0
       Fresh serde v1.0.229
       Fresh http-body v1.1.0
       Fresh rustls-pki-types v1.15.1
       Fresh tracing-core v0.1.36
       Fresh getrandom v0.2.17
       Fresh cpufeatures v0.3.0
       Fresh untrusted v0.9.0
       Fresh icu_normalizer v2.3.0
       Fresh tracing v0.1.44
       Fresh zmij v1.0.23
       Fresh icu_properties v2.3.0
       Fresh ring v0.17.14
       Fresh num-integer v0.1.47
       Fresh tokio-util v0.7.19
       Fresh block-padding v0.3.3
       Fresh pkg-config v0.3.34
       Fresh cpufeatures v0.2.17
       Fresh try-lock v0.2.5
       Fresh base64ct v1.8.3
       Fresh atomic-waker v1.1.2
       Fresh fnv v1.0.7
       Fresh tower-service v0.3.3
       Fresh anstyle v1.0.14
       Fresh inout v0.1.4
       Fresh pem-rfc7468 v1.0.0
       Fresh h2 v0.4.19
       Fresh want v0.3.1
       Fresh httparse v1.10.1
       Fresh rustls-webpki v0.103.15
       Fresh serde_json v1.0.151
       Fresh idna_adapter v1.2.2
       Fresh form_urlencoded v1.2.2
       Fresh zerocopy-derive v0.8.56
       Fresh memchr v2.8.3
       Fresh utf8parse v0.2.2
       Fresh bitflags v2.13.1
       Fresh winnow v1.0.4
       Fresh log v0.4.34
       Fresh httpdate v1.0.3
       Fresh hyper v1.11.0
       Fresh idna v1.1.0
       Fresh toml_parser v1.1.3+spec-1.1.0
       Fresh zerocopy v0.8.56
       Fresh anstyle-parse v1.0.0
       Fresh aho-corasick v1.1.5
       Fresh rustls v0.23.45
       Fresh der v0.8.1
       Fresh cipher v0.4.4
       Fresh num-bigint v0.4.8
       Fresh block-padding v0.4.2
       Fresh anstyle-query v1.1.5
       Fresh ipnet v2.12.1
       Fresh colorchoice v1.0.5
       Fresh toml_datetime v1.1.1+spec-1.1.0
       Fresh base64 v0.22.1
       Fresh is_terminal_polyfill v1.70.2
       Fresh cpubits v0.1.1
       Fresh num-rational v0.4.2
       Fresh inout v0.2.2
       Fresh toml_edit v0.25.13+spec-1.1.0
       Fresh half v2.7.1
       Fresh libdbus-sys v0.2.7
       Fresh hyper-util v0.1.20
       Fresh anstream v1.0.0
       Fresh spki v0.8.0
       Fresh regex-automata v0.4.18
       Fresh url v2.5.8
       Fresh num-iter v0.1.46
       Fresh sha2 v0.10.9
       Fresh hmac v0.12.1
       Fresh num-complex v0.4.6
       Fresh sync_wrapper v1.0.2
       Fresh predicates-core v1.0.10
       Fresh heck v0.5.0
       Fresh fastrand v2.5.0
       Fresh tower-layer v0.3.3
       Fresh ciborium-io v0.2.2
       Fresh clap_lex v1.1.0
       Fresh either v1.18.0
       Fresh linux-raw-sys v0.12.1
       Fresh openssl-probe v0.2.1
       Fresh strsim v0.11.1
       Fresh clap_derive v4.6.4
       Fresh num v0.4.3
       Fresh tower v0.5.3
       Fresh rustix v1.1.4
       Fresh rustls-native-certs v0.8.4
       Fresh itertools v0.13.0
       Fresh clap_builder v4.6.6
       Fresh ciborium-ll v0.2.2
       Fresh hkdf v0.12.4
       Fresh regex v1.13.1
       Fresh dbus v0.9.12
       Fresh crypto-bigint v0.7.5
       Fresh cipher v0.5.2
       Fresh proc-macro-crate v3.5.0
       Fresh cbc v0.1.2
       Fresh aes v0.8.4
       Fresh tokio-rustls v0.26.4
       Fresh sha2 v0.11.0
       Fresh http-body-util v0.1.5
       Fresh hmac v0.13.0
       Fresh futures-executor v0.3.34
       Fresh float-cmp v0.10.0
       Fresh curve25519-dalek-derive v0.1.1
       Fresh num_cpus v1.17.0
       Fresh termtree v0.5.1
       Fresh cast v0.3.0
       Fresh glob v0.3.4
       Fresh normalize-line-endings v0.3.0
       Fresh option-ext v0.2.0
       Fresh lazy_static v1.5.0
       Fresh signature v2.2.0
       Fresh relative-path v1.9.3
       Fresh ryu v1.0.23
       Fresh difflib v0.4.0
       Fresh deadpool-runtime v0.1.4
       Fresh same-file v1.0.6
       Fresh serde_urlencoded v0.7.1
       Fresh predicates v3.1.4
       Fresh rstest_macros v0.26.1
       Fresh dirs-sys v0.5.0
       Fresh walkdir v2.5.0
       Fresh deadpool v0.12.3
       Fresh ed25519 v2.2.3
       Fresh predicates-tree v1.0.13
       Fresh criterion-plot v0.8.2
       Fresh curve25519-dalek v4.1.3
       Fresh futures v0.3.34
       Fresh hyper-rustls v0.27.9
       Fresh dbus-secret-service v4.1.0
       Fresh crypto-primes v0.7.2
       Fresh rustls-platform-verifier v0.7.0
       Fresh clap v4.6.6
       Fresh ciborium v0.2.2
       Fresh tower-http v0.6.11
       Fresh alloca v0.4.0
       Fresh pkcs1 v0.8.0-rc.4
       Fresh pkcs8 v0.11.0
       Fresh keyring-core v1.0.0
       Fresh assert-json-diff v2.0.2
       Fresh tinytemplate v1.2.1
       Fresh bstr v1.13.1
       Fresh chacha20 v0.10.1
       Fresh sha1 v0.11.0
       Fresh signature v3.0.0
       Fresh tokio-stream v0.1.19
       Fresh thiserror-impl v2.0.20
       Fresh page_size v0.6.0
       Fresh rtoolbox v0.0.6
       Fresh wait-timeout v0.2.1
       Fresh futures-timer v3.0.4
       Fresh anes v0.1.6
       Fresh oorandom v11.1.5
       Fresh rsa v0.10.0-rc.18
       Fresh tokio-test v0.4.5
       Fresh assert_cmd v2.2.2
       Fresh rstest v0.26.1
       Fresh criterion v0.8.2
       Fresh rpassword v7.5.4
       Fresh thiserror v2.0.20
       Fresh rand v0.10.2
       Fresh dbus-secret-service-keyring-store v1.0.1
       Fresh wiremock v0.6.5
       Fresh reqwest v0.13.4
       Fresh anyhow v1.0.104
       Fresh getrandom v0.3.4
       Fresh ed25519-dalek v2.2.0
       Fresh directories v6.0.0
       Fresh hkdf v0.13.0
       Fresh pbkdf2 v0.13.0
       Fresh cbc v0.2.1
       Fresh aes v0.9.2
       Fresh fs4 v1.1.0
       Fresh tempfile v3.27.0
       Fresh base64 v0.23.1
       Fresh vaultwarden-cli v0.5.4 (/home/sixtocantolla/sessions/day-to-day/vaultwarden-contain-protected-child-processes)
    Finished `test` profile [unoptimized + debuginfo] target(s) in 0.82s
     Running `/home/sixtocantolla/sessions/day-to-day/vaultwarden-contain-protected-child-processes/target/debug/deps/vaultwarden_cli-e3f6bc7a555f4483 'adapters::supervisor::manager::tests'`

running 7 tests
test adapters::supervisor::manager::tests::strict_ownership_namespace_and_random_names ... ok
test adapters::supervisor::manager::tests::incompatible_manager_versions_fail_closed ... ok
test adapters::supervisor::manager::tests::exact_typed_manager_contract_and_no_secret_properties ... ok
test adapters::supervisor::manager::tests::helper_environment_is_name_only_complete_and_recovery_stable ... ok
test adapters::supervisor::manager::tests::independent_reaping_observes_zombies_deleted_groups_and_subtrees ... FAILED
test adapters::supervisor::manager::tests::job_observation_discards_unrelated_churn ... ok
test adapters::supervisor::manager::tests::lease_publication_is_atomic_collision_safe_and_recovers_interrupted_staging ... ok

failures:

---- adapters::supervisor::manager::tests::independent_reaping_observes_zombies_deleted_groups_and_subtrees stdout ----

thread 'adapters::supervisor::manager::tests::independent_reaping_observes_zombies_deleted_groups_and_subtrees' (2325667) panicked at src/adapters/supervisor/manager.rs:1106:56:
called `Result::unwrap()` on an `Err` value: CleanupUncertain
note: run with `RUST_BACKTRACE=1` environment variable to display a backtrace


failures:
    adapters::supervisor::manager::tests::independent_reaping_observes_zombies_deleted_groups_and_subtrees

test result: FAILED. 6 passed; 1 failed; 0 ignored; 0 measured; 555 filtered out; finished in 0.10s

error: test failed, to rerun pass `-p vaultwarden-cli --lib`

*** result: Failure(101)
